시군구별,성별,연령별,2022,2023,2024,2025,2026,2027,2028,2029,2030,2031,2032,2033,2034,2035,2036,2037,2038,2039,2040
충청북도,계,계,1633687,1635672,1637564,1639888,1642524,1645382,1648396,1651452,1654450,1657284,1659969,1662466,1664680,1666519,1667777,1668326,1668108,1667155,1665471
충청북도,계,0 - 4세,47631,44757,42499,41496,41006,41204,42058,43595,45352,46930,48285,49403,50272,50896,51164,50983,50421,49552,48451
충청북도,계,5 - 9세,66570,63240,59843,55401,50914,47332,44466,42215,41131,40585,40772,41639,43196,44986,46601,48004,49173,50085,50752
충청북도,계,10 - 14세,72669,72020,71616,71113,69481,67021,63696,60308,55852,51321,47681,44758,42450,41296,40713,40895,41764,43348,45166
충청북도,계,15 - 19세,71549,71836,71045,71188,72728,73250,72657,72282,71812,70240,67784,64449,61065,56601,52022,48343,45394,43060,41845
충청북도,계,20 - 24세,103354,95797,89882,83381,76642,74470,75113,74362,74529,76004,76469,75882,75477,75006,73522,71110,67804,64443,59949
충청북도,계,25 - 29세,113913,112316,109970,107955,105613,100187,94001,89058,83162,77101,75376,75926,75087,75247,76651,77074,76488,76079,75739
충청북도,계,30 - 34세,98984,102767,106150,108597,111196,111531,109935,107860,105959,103579,98258,92453,87808,82116,76359,74796,75264,74407,74556
충청북도,계,35 - 39세,102963,98579,96615,96821,97151,99525,103149,106221,108426,110758,110796,109102,107058,105169,102761,97515,91874,87307,81661
충청북도,계,40 - 44세,117293,118725,117686,113337,109257,103910,99429,97438,97645,97967,100364,103950,106905,109016,111225,111106,109369,107330,105431
충청북도,계,45 - 49세,122003,118398,114680,115336,116804,120148,121612,120553,116099,111790,106228,101629,99601,99800,100136,102589,106197,109120,111206
충청북도,계,50 - 54세,138045,138692,135924,133741,129912,126401,122720,119035,119751,121410,124933,126476,125427,120864,116297,110474,105702,103598,103786
충청북도,계,55 - 59세,131684,131480,139682,140638,142476,143054,144159,141692,139567,135590,131833,127990,124253,125042,126944,130685,132328,131275,126561
충청북도,계,60 - 64세,139735,142682,140210,140047,135150,136084,135862,143931,145087,147322,148437,149915,147666,145550,141399,137379,133371,129579,130445
충청북도,계,65 - 69세,103352,111962,119786,126287,137064,140173,143315,141165,141040,136320,137271,137070,145002,146336,148885,150378,152066,149963,147834
충청북도,계,70 - 74세,68710,72016,76945,85066,94223,100520,108877,116561,123094,133627,136703,139919,137999,137938,133527,134551,134457,142194,143648
충청북도,계,75 - 79세,53317,53377,55160,57094,59979,64266,67389,72021,79668,88238,94288,102196,109526,115901,125945,128930,132156,130500,130587
충청북도,계,80 - 84세,45734,48062,47867,47717,45807,45525,45996,47764,49672,52183,56080,58940,63085,69910,77431,82975,90045,96640,102585
충청북도,계,85 - 89세,25784,27360,29033,30094,30886,33082,34946,34894,34855,33449,33629,34418,35961,37597,39443,42625,44968,48263,53683
충청북도,계,90 - 94세,8370,9336,10369,11720,13116,14221,15105,16105,16785,17333,18763,19915,19904,19900,19047,19477,20273,21334,22438
충청북도,계,95세 이상,2027,2270,2602,2859,3119,3478,3911,4392,4964,5537,6019,6436,6938,7348,7705,8437,8994,9078,9148
청주시,계,계,861345,864352,866741,868805,870538,871973,873414,874810,876120,877298,878383,879358,880182,880826,881163,881086,880587,879728,878481
청주시,계,0 - 4세,28756,27070,26028,25573,25391,25595,26188,27194,28322,29340,30215,30937,31497,31894,32070,31965,31624,31083,30408
청주시,계,5 - 9세,39439,37969,35805,32996,30432,28445,26717,25627,25088,24861,25047,25626,26614,27754,28768,29652,30392,30974,31380
청주시,계,10 - 14세,42713,42499,42339,42170,41282,39463,37955,35754,32968,30394,28378,26630,25508,24912,24667,24843,25400,26394,27539
청주시,계,15 - 19세,41403,41172,40856,41340,42102,42410,42205,42032,41856,40979,39227,37731,35520,32792,30238,28223,26501,25391,24762
청주시,계,20 - 24세,57672,54603,51673,47904,44753,43700,43537,43237,43610,44325,44704,44463,44199,44067,43228,41542,40049,37799,35148
청주시,계,25 - 29세,67075,66594,65640,65024,63646,60932,57595,54543,50843,47622,46526,46499,46256,46492,47181,47604,47244,46962,46885
청주시,계,30 - 34세,59906,62460,65037,66776,68071,68191,67329,66111,65177,63636,60797,57312,54354,50796,47604,46503,46596,46339,46443
청주시,계,35 - 39세,60009,58239,57579,57936,58735,60311,62464,64585,65961,67123,67160,66225,64977,64005,62468,59601,56134,53285,49816
청주시,계,40 - 44세,68130,69161,67960,65460,63424,60322,58294,57383,57596,58234,59706,61806,63805,65065,66197,66178,65210,63973,62995
청주시,계,45 - 49세,68079,65992,65012,65917,66844,68671,69633,68423,65909,63744,60542,58430,57444,57632,58214,59650,61736,63658,64853
청주시,계,50 - 54세,73495,73306,72145,71236,69149,68298,66101,65088,65892,66857,68752,69716,68546,66077,63841,60593,58454,57436,57607
청주시,계,55 - 59세,64426,66475,70447,71044,72578,72589,72654,71662,70781,68692,67739,65502,64507,65270,66296,68246,69189,68056,65639
청주시,계,60 - 64세,64057,64975,64294,64708,62891,63347,65209,68920,69517,71107,71269,71546,70677,69827,67753,66712,64479,63511,64226
청주시,계,65 - 69세,45680,49439,52879,55673,60329,61963,63036,62549,62987,61239,61727,63418,66920,67556,69193,69480,69891,69110,68291
청주시,계,70 - 74세,28593,30038,32361,36272,40386,43618,47221,50576,53352,57895,59484,60609,60206,60642,59004,59533,61121,64452,65121
청주시,계,75 - 79세,20959,21676,22723,23618,24674,26598,27975,30171,33828,37650,40720,44115,47328,50037,54387,55929,57065,56752,57210
청주시,계,80 - 84세,17269,17979,18086,18331,18019,17996,18709,19661,20515,21454,23207,24464,26446,29698,33042,35833,38838,41747,44274
청주시,계,85 - 89세,9675,10216,10902,11173,11554,12681,13259,13390,13570,13309,13442,14085,14842,15548,16271,17709,18743,20324,22896
청주시,계,90 - 94세,3230,3612,3967,4522,5064,5468,5791,6191,6394,6670,7382,7728,7825,7907,7722,7925,8389,8876,9341
청주시,계,95세 이상,779,877,1008,1132,1214,1375,1542,1713,1954,2167,2359,2516,2711,2855,3019,3365,3532,3606,3647
충주시,계,계,215972,215787,215637,215611,215697,215868,216121,216446,216794,217168,217547,217940,218322,218643,218914,219096,219170,219156,219036
충주시,계,0 - 4세,5980,5570,5071,4854,4738,4743,4844,5027,5239,5431,5592,5730,5835,5906,5930,5899,5820,5703,5559
충주시,계,5 - 9세,8446,7828,7687,7343,6663,6092,5696,5231,5034,4924,4934,5039,5227,5446,5653,5827,5969,6080,6160
충주시,계,10 - 14세,8848,8813,8744,8753,8680,8753,8081,7902,7493,6790,6225,5830,5370,5176,5067,5085,5191,5388,5613
충주시,계,15 - 19세,8730,8996,8830,8552,8924,9008,8941,8856,8841,8749,8767,8080,7911,7455,6748,6200,5814,5373,5195
충주시,계,20 - 24세,15129,13270,12066,11042,9470,8886,9229,9070,8863,9230,9250,9193,9159,9128,9009,8975,8287,8142,7627
충주시,계,25 - 29세,16176,16103,15610,15005,14483,13275,12053,11287,10497,9286,9007,9332,9111,8983,9347,9305,9293,9245,9189
충주시,계,30 - 34세,11876,12646,13243,13631,14536,14633,14502,14116,13713,13337,12340,11433,10839,10124,9092,8959,9192,8940,8902
충주시,계,35 - 39세,12917,11943,11545,11840,11587,12201,12830,13311,13625,14358,14310,14156,13803,13472,13124,12221,11427,10865,10149
충주시,계,40 - 44세,13821,14236,14872,14425,13785,13248,12319,11991,12255,12008,12607,13152,13585,13868,14509,14390,14231,13886,13591
충주시,계,45 - 49세,15902,15567,14177,14015,14231,14693,15047,15537,14977,14298,13714,12790,12490,12722,12487,13086,13596,14006,14266
충주시,계,50 - 54세,17992,18732,18405,17954,17680,16584,16267,14954,14901,15142,15619,15957,16363,15723,15018,14386,13459,13180,13384
충주시,계,55 - 59세,18384,16684,18163,18411,18412,18939,19620,19267,18825,18516,17429,17127,15874,15910,16184,16686,17021,17356,16663
충주시,계,60 - 64세,18980,20104,19588,19568,18675,19109,17563,19119,19358,19429,19998,20643,20282,19859,19514,18417,18108,16896,17007
충주시,계,65 - 69세,13597,14851,16149,17168,18995,19235,20342,19840,19836,18994,19409,18002,19603,19824,19957,20552,21150,20793,20377
충주시,계,70 - 74세,9283,9940,10401,11387,12698,13342,14604,15887,16921,18694,18948,20024,19531,19554,18767,19167,17896,19492,19695
충주시,계,75 - 79세,8007,7526,7644,7787,8379,8846,9466,9916,10875,12125,12771,13998,15219,16221,17916,18168,19209,18748,18789
충주시,계,80 - 84세,6603,7258,7182,7176,6692,6858,6557,6731,6907,7409,7855,8418,8812,9695,10816,11417,12551,13638,14563
충주시,계,85 - 89세,3782,4028,4324,4580,4678,4776,5305,5266,5291,4937,5085,4958,5153,5327,5693,6084,6531,6841,7561
충주시,계,90 - 94세,1218,1352,1551,1720,1921,2130,2273,2465,2606,2677,2767,3092,3069,3099,2882,3001,3003,3154,3295
충주시,계,95세 이상,301,340,385,400,470,517,582,673,737,834,920,986,1086,1151,1201,1271,1422,1430,1451
제천시,계,계,133755,133210,132610,132019,131485,130999,130606,130293,130061,129866,129698,129565,129433,129289,129119,128905,128624,128285,127881
제천시,계,0 - 4세,3204,2929,2755,2625,2545,2526,2581,2679,2796,2902,2996,3076,3140,3188,3213,3209,3172,3113,3037
제천시,계,5 - 9세,4705,4419,4058,3797,3457,3207,2941,2777,2643,2566,2554,2610,2708,2823,2929,3027,3109,3174,3226
제천시,계,10 - 14세,5370,5225,5164,5029,4911,4732,4476,4142,3892,3546,3282,3010,2842,2704,2624,2611,2670,2768,2887
제천시,계,15 - 19세,5960,6033,5869,5739,5742,5731,5569,5512,5400,5297,5111,4843,4505,4243,3868,3581,3294,3115,2959
제천시,계,20 - 24세,10269,9473,8799,8112,7095,6738,6660,6427,6301,6326,6326,6191,6177,6072,5971,5775,5491,5145,4844
제천시,계,25 - 29세,7653,7723,7873,7772,7969,7323,6829,6419,5973,5314,5236,5234,5096,5051,5117,5134,5042,5051,4965
제천시,계,30 - 34세,5558,5848,5979,6204,6407,6687,6600,6662,6523,6620,6040,5758,5435,5081,4574,4571,4564,4459,4450
제천시,계,35 - 39세,6576,6133,5908,5843,5748,5798,6080,6188,6379,6537,6721,6574,6615,6455,6503,5961,5732,5401,5065
제천시,계,40 - 44세,7976,7822,7763,7394,7080,6649,6275,6100,6071,6004,6084,6365,6469,6653,6791,6931,6759,6781,6602
제천시,계,45 - 49세,9185,8848,8280,8067,8012,8216,8132,8124,7779,7456,7012,6637,6462,6434,6383,6485,6768,6876,7065
제천시,계,50 - 54세,11572,11530,11018,10727,10239,9637,9353,8828,8668,8668,8915,8859,8870,8512,8155,7687,7294,7108,7087
제천시,계,55 - 59세,11430,11165,11978,12122,12096,12120,12132,11683,11423,10946,10357,10076,9557,9433,9488,9772,9749,9768,9379
제천시,계,60 - 64세,13436,13422,12850,12513,12051,12017,11786,12592,12755,12779,12875,12938,12547,12311,11829,11244,10954,10433,10345
제천시,계,65 - 69세,10348,11193,11950,12508,13418,13609,13653,13169,12883,12450,12418,12208,12998,13172,13248,13396,13494,13142,12913
제천시,계,70 - 74세,7113,7379,7965,8756,9671,10097,10930,11668,12240,13143,13355,13438,13014,12767,12371,12351,12166,12941,13125
제천시,계,75 - 79세,5584,5640,5652,5735,6011,6571,6826,7370,8114,8965,9389,10188,10884,11455,12325,12544,12657,12294,12091
제천시,계,80 - 84세,4614,4937,5006,5013,4690,4648,4736,4771,4883,5115,5608,5847,6315,6965,7688,8094,8808,9425,9956
제천시,계,85 - 89세,2325,2544,2670,2877,3003,3222,3448,3476,3477,3251,3268,3394,3441,3558,3715,4099,4303,4654,5142
제천시,계,90 - 94세,705,758,864,956,1083,1195,1300,1365,1483,1548,1680,1809,1815,1816,1695,1743,1850,1883,1972
제천시,계,95세 이상,172,189,209,230,257,276,299,341,378,433,471,510,543,596,632,690,748,754,771
보은군,계,계,31179,31016,30926,30887,30894,30957,31029,31115,31208,31329,31452,31574,31707,31828,31958,32074,32184,32278,32367
보은군,계,0 - 4세,516,456,407,392,379,379,382,392,405,417,425,432,440,447,449,448,442,436,426
보은군,계,5 - 9세,766,731,696,634,570,507,455,414,401,389,393,396,411,426,440,450,459,465,472
보은군,계,10 - 14세,919,908,883,848,801,777,745,713,657,595,537,493,454,440,429,434,438,455,469
보은군,계,15 - 19세,1068,1006,948,925,952,915,911,889,859,820,794,761,728,672,613,557,515,476,467
보은군,계,20 - 24세,1035,1048,1039,1022,971,924,903,874,873,900,875,875,851,826,795,778,747,714,651
보은군,계,25 - 29세,989,906,888,853,833,869,841,812,779,727,703,700,682,693,712,689,694,673,670
보은군,계,30 - 34세,954,948,953,960,950,928,899,896,866,855,852,793,763,722,673,657,659,646,652
보은군,계,35 - 39세,1155,1073,1023,975,972,951,982,1005,1025,1029,1021,998,991,962,950,928,862,831,785
보은군,계,40 - 44세,1426,1428,1370,1330,1250,1186,1117,1084,1054,1062,1056,1099,1122,1144,1152,1147,1127,1115,1084
보은군,계,45 - 49세,1634,1523,1439,1431,1461,1526,1544,1504,1469,1389,1320,1248,1220,1195,1206,1204,1250,1277,1305
보은군,계,50 - 54세,2339,2289,2203,2114,1999,1904,1818,1749,1748,1785,1849,1871,1839,1800,1711,1632,1547,1512,1491
보은군,계,55 - 59세,2999,2916,3005,2956,2911,2874,2857,2787,2707,2595,2492,2395,2314,2311,2356,2433,2471,2444,2388
보은군,계,60 - 64세,3954,3991,3863,3777,3570,3500,3439,3558,3546,3538,3539,3550,3493,3415,3292,3173,3068,2973,2974
보은군,계,65 - 69세,3330,3572,3761,3918,4195,4284,4333,4218,4141,3949,3892,3845,3983,3998,4017,4044,4069,4017,3933
보은군,계,70 - 74세,2379,2422,2579,2817,3106,3320,3560,3758,3929,4217,4310,4371,4276,4206,4034,3992,3958,4106,4140
보은군,계,75 - 79세,1941,1917,1942,2024,2134,2223,2278,2429,2655,2928,3136,3366,3564,3740,4019,4113,4183,4105,4053
보은군,계,80 - 84세,2026,2024,1966,1853,1726,1636,1647,1691,1771,1868,1954,2015,2157,2361,2609,2796,3000,3187,3358
보은군,계,85 - 89세,1235,1286,1337,1351,1339,1426,1437,1406,1336,1253,1213,1241,1288,1356,1426,1500,1555,1671,1838
보은군,계,90 - 94세,406,459,487,559,623,662,695,731,751,752,812,828,813,780,732,723,753,790,835
보은군,계,95세 이상,108,113,137,148,152,166,186,205,236,261,279,297,318,334,343,376,387,385,376
옥천군,계,계,48452,48471,48514,48608,48741,48900,49062,49231,49405,49577,49742,49919,50081,50240,50377,50503,50616,50706,50784
옥천군,계,0 - 4세,825,744,703,652,627,621,629,651,679,708,733,755,774,794,806,810,804,791,773
옥천군,계,5 - 9세,1406,1324,1216,1107,1011,914,827,783,729,702,695,708,733,761,793,821,847,870,893
옥천군,계,10 - 14세,1819,1746,1714,1676,1564,1474,1392,1287,1178,1074,972,885,837,783,760,755,769,797,829
옥천군,계,15 - 19세,1760,1821,1801,1792,1812,1810,1740,1716,1681,1584,1506,1426,1323,1221,1116,1016,935,886,828
옥천군,계,20 - 24세,1963,1867,1818,1783,1731,1715,1777,1745,1733,1759,1763,1708,1698,1664,1589,1532,1457,1361,1269
옥천군,계,25 - 29세,1803,1735,1676,1638,1649,1594,1531,1481,1429,1360,1338,1376,1333,1338,1368,1366,1329,1331,1308
옥천군,계,30 - 34세,1641,1582,1576,1573,1590,1596,1580,1569,1552,1545,1464,1396,1337,1270,1190,1170,1196,1153,1170
옥천군,계,35 - 39세,1989,1866,1766,1728,1678,1724,1705,1738,1761,1789,1789,1766,1744,1714,1692,1597,1523,1453,1375
옥천군,계,40 - 44세,2695,2706,2666,2529,2391,2186,2059,1959,1929,1896,1952,1953,2003,2033,2067,2064,2037,2009,1969
옥천군,계,45 - 49세,3185,3026,2840,2823,2833,2925,2949,2917,2784,2642,2441,2317,2223,2201,2177,2239,2258,2321,2355
옥천군,계,50 - 54세,4026,4088,4015,3931,3816,3660,3489,3307,3299,3325,3431,3466,3436,3299,3142,2931,2784,2686,2668
옥천군,계,55 - 59세,4417,4327,4574,4584,4662,4652,4740,4671,4584,4455,4278,4104,3923,3922,3965,4088,4133,4108,3960
옥천군,계,60 - 64세,5536,5641,5513,5411,5086,5075,5001,5266,5308,5413,5440,5549,5481,5388,5235,5037,4849,4662,4663
옥천군,계,65 - 69세,4647,4941,5234,5451,5849,5977,6089,5976,5879,5577,5573,5507,5784,5843,5968,6025,6145,6075,5974
옥천군,계,70 - 74세,3524,3706,3863,4189,4526,4700,5010,5312,5547,5953,6094,6210,6114,6022,5743,5748,5691,5971,6052
옥천군,계,75 - 79세,2691,2597,2718,2916,3111,3307,3470,3625,3937,4263,4450,4756,5050,5291,5687,5831,5949,5867,5789
옥천군,계,80 - 84세,2409,2550,2484,2399,2314,2251,2210,2333,2510,2667,2843,2984,3128,3416,3705,3884,4162,4428,4665
옥천군,계,85 - 89세,1501,1495,1544,1553,1541,1717,1828,1789,1740,1687,1670,1669,1774,1903,2015,2161,2272,2390,2625
옥천군,계,90 - 94세,503,581,645,709,770,805,807,850,863,869,986,1048,1024,999,971,990,1014,1085,1162
옥천군,계,95세 이상,112,128,148,164,180,197,229,256,283,309,324,336,362,378,388,438,462,462,457
영동군,계,계,45397,44808,44415,44186,44098,44122,44178,44251,44318,44389,44456,44506,44551,44603,44643,44667,44682,44681,44679
영동군,계,0 - 4세,807,713,614,577,557,560,573,595,619,638,661,677,691,702,705,702,696,688,676
영동군,계,5 - 9세,1110,1010,920,828,753,687,628,559,538,521,523,535,558,580,603,623,638,650,662
영동군,계,10 - 14세,1446,1432,1448,1374,1278,1169,1079,992,905,826,756,694,625,601,582,584,598,620,644
영동군,계,15 - 19세,1545,1531,1501,1580,1615,1658,1639,1639,1568,1484,1388,1302,1217,1129,1032,943,866,791,762
영동군,계,20 - 24세,2506,2140,1926,1679,1542,1616,1692,1721,1805,1825,1858,1823,1815,1749,1689,1606,1523,1432,1332
영동군,계,25 - 29세,1939,1836,1720,1706,1623,1495,1385,1331,1208,1164,1190,1195,1192,1222,1217,1245,1208,1215,1172
영동군,계,30 - 34세,1360,1375,1371,1377,1477,1453,1441,1407,1419,1353,1278,1213,1159,1066,1023,1011,1006,1003,1017
영동군,계,35 - 39세,1590,1451,1379,1324,1299,1309,1366,1392,1416,1486,1445,1445,1407,1409,1342,1288,1218,1160,1074
영동군,계,40 - 44세,2059,2022,1950,1817,1720,1606,1497,1453,1421,1416,1431,1491,1513,1542,1598,1560,1563,1519,1512
영동군,계,45 - 49세,2659,2444,2265,2227,2158,2219,2203,2154,2041,1947,1830,1719,1674,1650,1647,1668,1736,1763,1801
영동군,계,50 - 54세,3553,3568,3450,3303,3181,2961,2768,2608,2582,2536,2621,2617,2581,2469,2364,2231,2109,2061,2037
영동군,계,55 - 59세,4150,4034,4247,4195,4156,4102,4139,4026,3893,3772,3555,3375,3218,3202,3190,3297,3310,3281,3160
영동군,계,60 - 64세,5247,5286,5088,5034,4751,4723,4615,4836,4813,4817,4816,4884,4784,4650,4512,4282,4099,3942,3935
영동군,계,65 - 69세,4326,4608,4886,5047,5507,5583,5662,5503,5455,5190,5170,5068,5302,5307,5343,5380,5461,5361,5230
영동군,계,70 - 74세,3401,3488,3523,3789,4044,4286,4593,4901,5099,5561,5644,5732,5592,5550,5301,5286,5200,5439,5463
영동군,계,75 - 79세,2876,2683,2824,2956,3058,3223,3312,3363,3629,3894,4130,4426,4730,4936,5385,5469,5572,5457,5418
영동군,계,80 - 84세,2628,2833,2780,2685,2572,2463,2338,2481,2606,2698,2852,2936,2997,3247,3491,3719,3996,4270,4481
영동군,계,85 - 89세,1572,1652,1754,1817,1830,1926,2087,2046,1974,1885,1826,1770,1893,2002,2070,2197,2262,2330,2545
영동군,계,90 - 94세,489,552,592,688,789,873,920,979,1023,1033,1102,1202,1173,1133,1078,1062,1060,1151,1220
영동군,계,95세 이상,134,150,177,183,188,210,241,265,304,343,380,402,430,457,471,514,561,548,538
증평군,계,계,37353,37739,37991,38139,38219,38213,38207,38197,38185,38169,38143,38106,38068,38027,37978,37917,37842,37757,37650
증평군,계,0 - 4세,1196,1193,1156,1187,1201,1200,1198,1219,1244,1264,1274,1280,1284,1285,1281,1270,1253,1231,1201
증평군,계,5 - 9세,1683,1527,1467,1335,1194,1123,1088,1026,1032,1028,1020,1026,1054,1084,1110,1129,1144,1154,1163
증평군,계,10 - 14세,1782,1794,1742,1691,1649,1575,1433,1372,1239,1113,1048,1002,939,944,931,926,937,967,999
증평군,계,15 - 19세,1447,1571,1629,1627,1690,1685,1683,1623,1588,1553,1487,1360,1311,1187,1076,1013,959,897,895
증평군,계,20 - 24세,2202,1964,1829,1699,1585,1565,1655,1669,1656,1704,1689,1692,1643,1624,1595,1530,1423,1391,1260
증평군,계,25 - 29세,2631,2621,2597,2577,2518,2318,2135,2027,1903,1777,1744,1803,1777,1767,1808,1800,1803,1758,1758
증평군,계,30 - 34세,2168,2355,2429,2545,2549,2637,2531,2498,2449,2387,2225,2083,1990,1858,1733,1704,1740,1703,1703
증평군,계,35 - 39세,2450,2309,2272,2197,2209,2196,2323,2344,2427,2424,2490,2381,2367,2312,2257,2110,1993,1900,1768
증평군,계,40 - 44세,2744,2801,2727,2658,2545,2399,2243,2198,2130,2149,2150,2268,2282,2364,2366,2419,2313,2312,2249
증평군,계,45 - 49세,2832,2792,2726,2734,2759,2812,2839,2750,2674,2551,2411,2268,2228,2173,2196,2201,2311,2327,2410
증평군,계,50 - 54세,3127,3156,3124,3122,3009,2962,2892,2807,2808,2842,2899,2928,2850,2776,2646,2503,2364,2323,2278
증평군,계,55 - 59세,2967,2984,3229,3241,3297,3278,3298,3249,3231,3108,3057,2979,2893,2899,2938,3002,3035,2964,2884
증평군,계,60 - 64세,3121,3221,3115,3119,3075,3124,3127,3353,3353,3406,3401,3422,3370,3351,3235,3180,3096,3012,3020
증평군,계,65 - 69세,2344,2527,2790,2956,3163,3183,3263,3156,3164,3107,3139,3136,3348,3345,3406,3409,3440,3388,3366
증평군,계,70 - 74세,1594,1705,1835,2008,2194,2400,2565,2806,2956,3159,3187,3273,3174,3185,3122,3148,3147,3354,3355
증평군,계,75 - 79세,1217,1244,1243,1296,1418,1529,1619,1725,1888,2062,2257,2407,2629,2763,2959,2994,3074,2985,3000
증평군,계,80 - 84세,1065,1096,1142,1148,1100,1067,1090,1097,1143,1245,1338,1418,1510,1653,1805,1979,2113,2308,2426
증평군,계,85 - 89세,583,629,665,680,709,768,795,823,821,779,773,795,814,851,922,984,1049,1113,1226
증평군,계,90 - 94세,162,207,226,264,291,322,341,361,368,388,420,440,453,445,420,428,448,466,486
증평군,계,95세 이상,38,43,48,55,64,70,89,94,111,123,134,145,152,161,172,188,200,204,203
진천군,계,계,93826,94775,95828,97001,98241,99560,100729,101766,102682,103465,104153,104739,105236,105635,105947,106187,106347,106429,106453
진천군,계,0 - 4세,3274,3144,3023,2963,2962,3000,3065,3170,3291,3393,3479,3548,3595,3632,3647,3632,3595,3542,3469
진천군,계,5 - 9세,4414,4204,4029,3774,3589,3422,3315,3197,3132,3127,3148,3210,3322,3448,3555,3649,3723,3776,3818
진천군,계,10 - 14세,4486,4535,4625,4704,4627,4593,4414,4263,3993,3766,3554,3421,3278,3200,3183,3193,3257,3372,3502
진천군,계,15 - 19세,4162,4226,4255,4448,4656,4738,4825,4911,4971,4883,4808,4575,4399,4101,3846,3613,3463,3302,3218
진천군,계,20 - 24세,4487,4279,4156,3941,3836,3845,4007,4061,4215,4344,4378,4423,4432,4443,4346,4254,4024,3868,3593
진천군,계,25 - 29세,6176,5999,5788,5580,5368,5212,4951,4759,4465,4262,4169,4242,4219,4296,4367,4388,4405,4374,4379
진천군,계,30 - 34세,6778,6853,6956,7047,7152,7102,6997,6818,6639,6444,6210,5851,5593,5241,4958,4800,4853,4806,4845
진천군,계,35 - 39세,7392,7150,7015,7075,7144,7314,7518,7720,7857,7963,7908,7788,7595,7416,7216,6935,6524,6227,5834
진천군,계,40 - 44세,8174,8371,8422,8174,8040,7753,7528,7406,7454,7501,7656,7869,8073,8201,8303,8253,8119,7919,7748
진천군,계,45 - 49세,7506,7556,7663,7909,8146,8495,8703,8735,8454,8261,7902,7636,7488,7512,7542,7700,7923,8126,8249
진천군,계,50 - 54세,7691,7780,7779,7957,7921,8020,8017,8065,8258,8471,8788,8955,8948,8631,8396,7992,7703,7542,7560
진천군,계,55 - 59세,7206,7436,7829,7961,8165,8302,8425,8433,8553,8432,8428,8332,8305,8449,8647,8947,9085,9050,8711
진천군,계,60 - 64세,7030,7343,7484,7604,7457,7570,7759,8133,8277,8484,8624,8742,8725,8779,8593,8524,8367,8290,8408
진천군,계,65 - 69세,5066,5445,5824,6239,6900,7184,7456,7548,7620,7448,7538,7697,8047,8193,8390,8524,8636,8604,8619
진천군,계,70 - 74세,3298,3479,3727,4182,4673,4997,5371,5747,6150,6772,7023,7270,7341,7391,7218,7298,7435,7764,7902
진천군,계,75 - 79세,2421,2521,2678,2740,2839,3110,3276,3515,3942,4396,4699,5048,5405,5784,6358,6584,6808,6860,6903
진천군,계,80 - 84세,2303,2326,2250,2233,2197,2175,2267,2390,2450,2547,2790,2939,3158,3524,3924,4205,4527,4857,5204
진천군,계,85 - 89세,1441,1530,1630,1683,1678,1743,1779,1738,1743,1711,1706,1789,1884,1939,2017,2215,2335,2518,2810
진천군,계,90 - 94세,420,476,561,643,731,810,853,920,945,950,1006,1043,1032,1041,1012,1018,1081,1142,1184
진천군,계,95세 이상,101,122,134,144,160,175,203,237,273,310,339,361,397,414,429,463,484,490,497
괴산군,계,계,36896,37272,37596,37921,38241,38551,38866,39175,39478,39770,40050,40320,40573,40818,41023,41202,41360,41471,41567
괴산군,계,0 - 4세,409,420,368,378,354,349,355,366,384,401,416,428,439,447,454,454,450,442,431
괴산군,계,5 - 9세,755,734,727,669,609,503,488,421,426,396,400,404,419,438,454,466,479,489,496
괴산군,계,10 - 14세,851,817,863,885,895,887,796,760,682,624,536,529,462,472,442,448,455,470,490
괴산군,계,15 - 19세,822,904,944,883,905,985,924,961,961,962,934,853,826,750,692,611,600,527,535
괴산군,계,20 - 24세,2455,1954,1639,1474,1208,1260,1367,1384,1340,1382,1424,1370,1414,1383,1371,1327,1238,1195,1093
괴산군,계,25 - 29세,1766,1762,1690,1638,1641,1471,1318,1251,1185,1045,1105,1114,1097,1072,1117,1125,1094,1123,1078
괴산군,계,30 - 34세,992,1076,1106,1176,1279,1301,1297,1258,1251,1231,1110,1060,1009,948,849,898,863,864,853
괴산군,계,35 - 39세,1199,1143,1115,1102,1076,1089,1163,1182,1239,1288,1282,1264,1229,1220,1185,1098,1060,996,935
괴산군,계,40 - 44세,1494,1504,1548,1512,1451,1358,1280,1245,1237,1223,1246,1312,1328,1378,1402,1392,1378,1342,1332
괴산군,계,45 - 49세,1750,1781,1717,1696,1769,1842,1824,1847,1781,1706,1610,1526,1491,1481,1476,1510,1571,1594,1648
괴산군,계,50 - 54세,2745,2846,2760,2769,2669,2517,2495,2374,2350,2415,2483,2488,2512,2427,2329,2208,2099,2044,2032
괴산군,계,55 - 59세,3754,3633,3862,3827,3810,3794,3874,3769,3755,3622,3461,3412,3264,3256,3332,3412,3444,3468,3349
괴산군,계,60 - 64세,4924,4928,4873,4850,4703,4747,4595,4844,4826,4848,4880,4964,4859,4830,4667,4489,4402,4225,4223
괴산군,계,65 - 69세,3994,4541,4748,5017,5346,5491,5479,5404,5350,5194,5223,5101,5374,5378,5429,5486,5569,5464,5424
괴산군,계,70 - 74세,2808,2875,3155,3393,3774,4011,4488,4669,4935,5259,5401,5398,5335,5288,5139,5164,5057,5335,5344
괴산군,계,75 - 79세,2295,2276,2329,2388,2517,2600,2673,2919,3138,3488,3704,4129,4293,4550,4851,4981,4996,4945,4905
괴산군,계,80 - 84세,2233,2255,2184,2159,1991,1948,1943,1995,2057,2166,2245,2317,2530,2726,3031,3219,3579,3725,3968
괴산군,계,85 - 89세,1182,1304,1361,1449,1521,1593,1618,1573,1562,1442,1435,1449,1494,1553,1631,1697,1771,1941,2099
괴산군,계,90 - 94세,385,425,494,529,582,647,712,744,795,829,879,901,877,879,812,827,849,879,925
괴산군,계,95세 이상,83,94,113,127,141,158,177,209,224,249,276,301,321,342,360,390,406,403,407
음성군,계,계,102135,100997,100160,99611,99293,99158,99079,99041,99065,99094,99147,99208,99260,99318,99344,99355,99343,99310,99226
음성군,계,0 - 4세,2191,2109,1999,1990,1958,1947,1959,2012,2073,2126,2173,2207,2234,2250,2253,2236,2208,2170,2125
음성군,계,5 - 9세,3045,2779,2598,2321,2085,1988,1905,1801,1787,1753,1750,1774,1833,1897,1956,2007,2046,2076,2096
음성군,계,10 - 14세,3608,3471,3325,3181,3057,2795,2616,2468,2230,2028,1924,1829,1725,1706,1665,1665,1693,1754,1818
음성군,계,15 - 19세,3690,3609,3524,3497,3508,3503,3442,3365,3283,3187,2963,2819,2672,2438,2236,2112,1992,1877,1842
음성군,계,20 - 24세,4826,4367,4042,3800,3597,3475,3480,3431,3429,3476,3491,3448,3377,3330,3264,3077,2959,2806,2581
음성군,계,25 - 29세,6835,6200,5727,5381,5117,4872,4586,4358,4124,3864,3735,3744,3698,3708,3769,3796,3747,3711,3703
음성군,계,30 - 34세,6872,6738,6633,6471,6328,6179,5931,5736,5557,5387,5141,4830,4600,4334,4047,3934,3959,3920,3923
음성군,계,35 - 39세,6532,6285,6057,5874,5777,5780,5827,5878,5865,5862,5796,5620,5484,5337,5195,4948,4652,4436,4170
음성군,계,40 - 44세,7440,7370,7095,6797,6418,6067,5831,5642,5545,5518,5571,5675,5772,5803,5848,5804,5654,5538,5399
음성군,계,45 - 49세,7681,7298,7133,7168,7266,7331,7340,7143,6883,6525,6203,5962,5784,5727,5730,5808,5943,6072,6131
음성군,계,50 - 54세,9235,9112,8829,8516,8258,8056,7723,7590,7634,7760,7871,7932,7774,7519,7145,6805,6532,6347,6308
음성군,계,55 - 59세,9120,9282,9660,9643,9703,9754,9723,9516,9254,9004,8766,8430,8288,8322,8469,8621,8720,8584,8313
음성군,계,60 - 64세,9882,10020,9918,9999,9701,9614,9759,10125,10166,10279,10385,10404,10237,9997,9744,9478,9133,8976,9010
음성군,계,65 - 69세,7129,7776,8380,8813,9577,9920,10077,10009,10072,9768,9703,9833,10193,10273,10421,10564,10621,10477,10248
음성군,계,70 - 74세,4700,4952,5318,5951,6551,6913,7529,8101,8527,9266,9582,9742,9695,9734,9446,9402,9524,9878,9981
음성군,계,75 - 79세,3633,3617,3720,3898,4000,4395,4606,4933,5511,6055,6408,6982,7507,7924,8609,8894,9052,9016,9055
음성군,계,80 - 84세,3195,3312,3304,3238,3143,3094,3104,3207,3369,3470,3817,3993,4277,4781,5244,5574,6080,6538,6921
음성군,계,85 - 89세,1771,1896,2013,2047,2123,2290,2368,2362,2316,2253,2247,2286,2382,2509,2585,2855,2980,3207,3599
음성군,계,90 - 94세,605,644,701,824,914,949,1014,1075,1102,1146,1234,1283,1284,1261,1227,1245,1291,1364,1441
음성군,계,95세 이상,145,160,184,202,212,236,259,289,338,367,387,415,444,468,491,530,557,563,562
단양군,계,계,27377,27245,27146,27100,27077,27081,27105,27127,27134,27159,27198,27231,27267,27292,27311,27334,27353,27354,27347
단양군,계,0 - 4세,473,409,375,305,294,284,284,290,300,310,321,333,343,351,356,358,357,353,346
단양군,계,5 - 9세,801,715,640,597,551,444,406,379,321,318,308,311,317,329,340,353,367,377,386
단양군,계,10 - 14세,827,780,769,802,737,803,709,655,615,565,469,435,410,358,363,351,356,363,376
단양군,계,15 - 19세,962,967,888,805,822,807,778,778,804,742,799,699,653,613,557,474,455,425,382
단양군,계,20 - 24세,810,832,895,925,854,746,806,743,704,733,711,696,712,720,665,714,606,590,551
단양군,계,25 - 29세,870,837,761,781,766,826,777,790,756,680,623,687,626,625,648,622,629,636,632
단양군,계,30 - 34세,879,886,867,837,857,824,828,789,813,784,801,724,729,676,616,589,636,574,598
단양군,계,35 - 39세,1154,987,956,927,926,852,891,878,871,899,874,885,846,867,829,828,749,753,690
단양군,계,40 - 44세,1334,1304,1313,1241,1153,1136,986,977,953,956,905,960,953,965,992,968,978,936,950
단양군,계,45 - 49세,1590,1571,1428,1349,1325,1418,1398,1419,1348,1271,1243,1096,1097,1073,1078,1038,1105,1100,1123
단양군,계,50 - 54세,2270,2285,2196,2112,1991,1802,1797,1665,1611,1609,1705,1687,1708,1631,1550,1506,1357,1359,1334
단양군,계,55 - 59세,2831,2544,2688,2654,2686,2650,2697,2629,2561,2448,2271,2258,2110,2068,2079,2181,2171,2196,2115
단양군,계,60 - 64세,3568,3751,3624,3464,3190,3258,3009,3185,3168,3222,3210,3273,3211,3143,3025,2843,2816,2659,2634
단양군,계,65 - 69세,2891,3069,3185,3497,3785,3744,3925,3793,3653,3404,3479,3255,3450,3447,3513,3518,3590,3532,3459
단양군,계,70 - 74세,2017,2032,2218,2322,2600,2836,3006,3136,3438,3708,3675,3852,3721,3599,3382,3462,3262,3462,3470
단양군,계,75 - 79세,1693,1680,1687,1736,1838,1864,1888,2055,2151,2412,2624,2781,2917,3200,3449,3423,3591,3471,3374
단양군,계,80 - 84세,1389,1492,1483,1482,1363,1389,1395,1407,1461,1544,1571,1609,1755,1844,2076,2255,2391,2517,2769
단양군,계,85 - 89세,717,780,833,884,910,940,1022,1025,1025,942,964,982,996,1051,1098,1124,1167,1274,1342
단양군,계,90 - 94세,247,270,281,306,348,360,399,424,455,471,495,541,539,540,496,515,535,544,577
단양군,계,95세 이상,54,54,59,74,81,98,104,110,126,141,150,167,174,192,199,212,235,233,239
