시점,sido,행정구역(시군구)별,계,0 - 4세,5 - 9세,10 - 14세,15 - 19세,20 - 24세,25 - 29세,30 - 34세,35 - 39세,40 - 44세,45 - 49세,50 - 54세,55 - 59세,60 - 64세,65 - 69세,70 - 74세,75 - 79세,80세 이상,80 - 84세,85세 이상,85 - 89세,90 - 94세,95 - 99세,100세 이상
2023,전국,전국,51145884.5,1380804.5,2050235,2341519,2329282,2861651.5,3428923.5,3345284,3221366,4013266.5,3932778.5,4488255.5,4100065.5,4190183.5,3282269.5,2229036.5,1653502.5,2297461,1313968.5,983492.5,688566,236889.5,50293,7744
2023,서울특별시,서울특별시,9334933.5,220265.5,308678,357808.5,381243,564693.5,802843.5,764498.5,653747,727185.5,693374.5,787553,687236,703236,588956,409781,311120.5,372713.5,222881.5,149832,105271,35320.5,7997,1243.5
2023,서울특별시,종로구,138501,2427,3724,4610,5245,9281,12459.5,10634,8523.5,9657,9620.5,12303,11237,11118,8955.5,6105,5180.5,7420.5,4293,3127.5,2183,724,189.5,31
2023,서울특별시,중구,119207,2738,3051.5,2896,3293.5,6800.5,10696.5,11073,9136,8831,7643,9644,9132.5,9558,8238,5660.5,4573,6242,3579,2663,1800,676,161.5,25.5
2023,서울특별시,용산구,212437,5281,6217,6483.5,7309.5,12002.5,18733,20546,16804.5,16601.5,14732,18167.5,15742,15784,12731,8466,6793,10043,5577.5,4465.5,3098.5,1088,234.5,44.5
2023,서울특별시,성동구,276960.5,8245,9310,8477.5,9632.5,17359.5,24060.5,23544.5,21889.5,21933.5,19227.5,23132.5,20900.5,21283.5,16677,11165,8906.5,11215.5,6733,4482.5,3246,991,205,40.5
2023,서울특별시,광진구,333991,6525.5,9292,11365,12724,23367.5,36014.5,30984,23551,24596,23549.5,27493,25007.5,24831,19734,13060.5,9943.5,11952.5,7196.5,4756,3376,1083.5,257,39.5
2023,서울특별시,동대문구,336442.5,8041,10418.5,10790,11816.5,25598.5,30747,25929.5,22825.5,25079,22999.5,26915.5,24443,25714,21970.5,15463.5,12456,15235,9304,5931,4321,1289.5,265.5,55
2023,서울특별시,중랑구,381591.5,8812,10905,11673.5,12682.5,20058,30977,31306.5,26213.5,27990.5,25517.5,32271,32306,34421,27766,18597.5,13934,16160,9978.5,6181.5,4398,1400.5,340,43
2023,서울특별시,성북구,425100.5,10212,14757.5,16728,18760.5,31491.5,33357.5,29179,27447,32089,32078,38253,31491,31030.5,26059.5,18299.5,14777.5,19089.5,11569.5,7520,5351.5,1727,392.5,49
2023,서울특별시,강북구,288656.5,4806,7356.5,9156,10390.5,17231.5,21638,18917,16323.5,19903,20658,25815.5,23981.5,25462,21677,16189.5,13264,15887,10011,5876,4315,1244,276.5,40.5
2023,서울특별시,도봉구,307411,5881.5,9015.5,10777.5,12114.5,17074,21220,19796,17946.5,21372.5,21746,27702,26257.5,28208,23919,15997,12397.5,15986,9673,6313,4426,1502,337.5,47.5
2023,서울특별시,노원구,498636.5,10935,16408.5,21899,26145.5,33819,33106,31699.5,29508.5,36609,39859,46948,38791.5,39142,32836.5,22185,16717,22027.5,12776.5,9251,6405,2268,500.5,77.5
2023,서울특별시,은평구,463624,10477,14529,16973.5,18954,26099,36101,35141,30687,35570,34956.5,40913,35481,36895.5,30552,21722.5,17287.5,21284.5,13013.5,8271,6095,1756,375,45
2023,서울특별시,서대문구,303674,7576,10369,10659,11613.5,21464,26910,23473,20920.5,22672,21532,25750.5,22367,22266,18164,12663,10631.5,14643,8688.5,5954.5,4271,1350,280.5,53
2023,서울특별시,마포구,360946,9011,12146.5,12941.5,13925,23568,35659,34006,28990.5,29379.5,27615,30362.5,24339,23051.5,18263,12778,10552,14358,8420.5,5937.5,4180,1425.5,287.5,44.5
2023,서울특별시,양천구,435876,9357,16844,23686,24470,24729.5,28780.5,27234.5,26103,35349,37467,40473.5,33877,33748,27872,18731,12709.5,14444.5,8447,5997.5,4070.5,1540,335,52
2023,서울특별시,강서구,562962,13845.5,18529.5,20764.5,21583.5,30008,50703,53392,43345.5,45658.5,40947,43592,38737.5,43045,36491,24859.5,17429.5,20030.5,11648.5,8382,5694.5,2103,511.5,73
2023,서울특별시,구로구,391803,10499,12878,14080.5,14276,20598,31140,32549,28542.5,30544.5,28290,31837.5,29348,31162.5,26809.5,19404,14231.5,15612.5,9647.5,5965,4287,1336,301,41
2023,서울특별시,금천구,227081,4689,5593,6203.5,6994.5,12072.5,23530.5,21907.5,15622.5,15287.5,14543,18510.5,18887,20106,15541,10705,7957.5,8930.5,5584,3346.5,2400,762,154.5,30
2023,서울특별시,영등포구,372244.5,10724.5,12123,11464,11721,20017.5,37124.5,39057.5,30880.5,28921.5,25097.5,28590.5,26054,26477.5,21742.5,15542.5,11876.5,14829.5,8762.5,6067,4362.5,1381.5,279.5,43.5
2023,서울특별시,동작구,377040.5,8738.5,11951.5,12545.5,13723,25775.5,38015,32925.5,26664.5,28226,26466.5,30096,26433,27016.5,22846.5,16722.5,13234.5,15660,9370,6290,4458.5,1449.5,336,46
2023,서울특별시,관악구,480923.5,7422,9886.5,11464.5,14158.5,36346,72079,54028.5,33227.5,32249,29752.5,34348,30770,32325,27398.5,21023,16279,18166,11628.5,6537.5,4753.5,1431,302,51
2023,서울특별시,서초구,401612.5,10643,17755.5,22712.5,21799.5,22205,27472,28484,27855.5,35686.5,36077.5,36290,26821,24803,22059,15851,12063,13034.5,7555.5,5479,3715.5,1359.5,353.5,50.5
2023,서울특별시,강남구,529711.5,11753,20850,30331.5,30393,29272,37987,39429,36801,47392,48617,47878.5,34841,31594,29094,21258.5,15772,16448,9564,6884,4570.5,1777,464.5,72
2023,서울특별시,송파구,651916.5,18225.5,26461.5,29251,28525,34968.5,50767,54280,50280,56292,49783,53597.5,46693.5,47716,40658,26796.5,18244.5,19377,11176.5,8200.5,5488,2128.5,504.5,79.5
2023,서울특별시,강동구,456583.5,13400.5,18305,19875,18992,23486.5,33565.5,34982,33657.5,39295.5,34599.5,36668,33297,36477.5,30901,20535,13909.5,14636.5,8683.5,5953,4004.5,1527.5,352,69
2023,부산광역시,부산광역시,3291326,78305.5,121997,133933.5,130393,177426.5,208199.5,200972,190947.5,249587.5,236897,276037,262703,297235.5,258134.5,184261,129523,154773,94504,60269,43269.5,13677.5,2927.5,394.5
2023,부산광역시,중구,38853,342.5,603,781,935.5,2276.5,3244.5,2540,1769,2183,2369,3229.5,3101.5,3877.5,3841.5,2887,2140.5,2731.5,1657,1074.5,728.5,263.5,68.5,14
2023,부산광역시,서구,104126,1961,3080.5,3461,3603,5893.5,6448.5,5477.5,4919,6916.5,6739.5,8477.5,8302,10077.5,9211,7144.5,5378,7035.5,4239,2796.5,1995.5,621,163,17
2023,부산광역시,동구,86574,1779,2104.5,2209.5,2445,3836,5656,5809,4846,5659,5587.5,7102.5,6749,8148,7752,6134.5,4657,6099.5,3724.5,2375,1730,520,110,15
2023,부산광역시,영도구,106811.5,1722,2706,3296,3469.5,4874,5245.5,4984,4775.5,6680,7019.5,8737.5,8928.5,11246.5,10720.5,8310,6403,7693.5,4859,2834.5,2060,624.5,131,19
2023,부산광역시,부산진구,355831.5,8391,11147,11791.5,12194.5,21331,28438,26697,22340,25377,23955.5,28422.5,27239,31235,27060,19366.5,13774,17072,10564,6508,4747.5,1446.5,279,35
2023,부산광역시,동래구,271042.5,7079,11655.5,13132.5,12348.5,13782.5,15558,15625,16165,22278.5,21050,23131.5,20459.5,22706.5,20101.5,14583,9978,11408,6989,4419,3167.5,1018,208.5,25
2023,부산광역시,남구,254104.5,5143.5,9401,11021.5,11170.5,16932.5,15622,13341,13135,18933.5,19144,22015,19102,21341.5,19555,14786,10853.5,12607,7847.5,4759.5,3476,1038,218,27.5
2023,부산광역시,북구,275384,6775,9802.5,10622.5,10968,14335,17133.5,17330.5,15423.5,18957,18636.5,23838.5,25660,28539.5,22206,14403.5,9488,11264.5,6873,4391.5,3160,984,214.5,33
2023,부산광역시,해운대구,381496,8905,15084.5,17918,17915,20005.5,21708,20794,21194.5,29623.5,30391.5,35571.5,31702.5,33089.5,27840,19240,13514,16999,10047,6952,4935,1609.5,356.5,51
2023,부산광역시,사하구,298845,6269,9952,11797.5,12075.5,16625.5,18224.5,16945,16256,21683.5,21153,25897.5,25397,29307.5,25146,17292,11674,13149.5,8073,5076.5,3617.5,1138,290.5,30.5
2023,부산광역시,금정구,217581,3777.5,6563.5,7821,8488,14494,14701,11777,10515,14361.5,14427.5,18039,18457.5,21194.5,18285.5,13476,9533,11669.5,7030.5,4639,3321.5,1072.5,214,31
2023,부산광역시,강서구,142464,6999.5,10918.5,9133.5,5371.5,4714.5,6913.5,10373,13618,17029,11214,9085,8023.5,9522,8033,4977,2933,3605.5,2125.5,1480,998.5,395,78,8.5
2023,부산광역시,연제구,203888.5,5151.5,7583,8044.5,8082.5,10273.5,12857,13167,12435.5,15900.5,14767,17007.5,15896.5,17683.5,15911.5,11544.5,8102.5,9480.5,5912,3568.5,2624,793.5,131,20
2023,부산광역시,수영구,173561,3928,5290,5616,5797,8918,13698,12878,10563.5,12605.5,11662,13791,12689,14737,14011,10509.5,7785,9082.5,5512,3570.5,2539,834,178.5,19
2023,부산광역시,사상구,202530.5,3904.5,5910.5,6801,7139.5,11333.5,14092,12979.5,10687,13606.5,13227,17161.5,19281,22157,17408,11617,7432.5,7792.5,4894,2898.5,2145,618,115.5,20
2023,부산광역시,기장군,178233,6177.5,10195,10486.5,8389.5,7801,8659.5,10254.5,12305,17793,15553.5,14529.5,11714.5,12372.5,11052,7990,5877,7082.5,4157,2925.5,2024,701.5,171,29
2023,대구광역시,대구광역시,2372562,59547,94764,106649,109453.5,137540.5,150989,143435.5,135914,177123,181869.5,215325,202017,202866.5,157212,113543,77986,106327.5,62908.5,43419,31388.5,9946,1837.5,247
2023,대구광역시,중구,84029.5,2816,3407.5,2918,3014,5072,7160.5,6968,6204,6440.5,5727,6512,5590,5674,4968,3957,3254.5,4346.5,2558.5,1788,1257,424.5,91.5,15
2023,대구광역시,동구,339814.5,9268,13011,13306.5,12919,16754,21096.5,22254.5,20742.5,25462.5,24353,28340.5,27722.5,29700,25043.5,18927,13364.5,17549,10576.5,6972.5,5131,1512.5,292.5,36.5
2023,대구광역시,서구,161046.5,2490.5,4016.5,4537.5,5099.5,7534.5,10048.5,9547.5,7780.5,9663,10396,14015.5,16146,17956.5,14492.5,10850.5,7258,9213.5,5695,3518.5,2620.5,735.5,144.5,18
2023,대구광역시,남구,139440,2447.5,3367.5,3835,4759,8080.5,10477.5,8937.5,7395.5,8933,9203,11869,11408.5,12752.5,11379.5,8734.5,6455,9405,5488,3917,2797.5,932.5,164.5,22.5
2023,대구광역시,북구,424040,10648.5,16945.5,19134,20987,29102.5,28716,25405.5,23881.5,30981,34019,40799.5,36442.5,35021.5,25298,17831.5,12371,16455.5,10014,6441.5,4671,1461,267.5,42
2023,대구광역시,수성구,408093.5,8553.5,17748.5,23494,24286.5,25118.5,23265,20225.5,20201,31393,34874,40245,34118.5,31214,24641.5,17890,12690.5,18134.5,10311,7823.5,5540.5,1885,351.5,46.5
2023,대구광역시,달서구,530809.5,12117,20942.5,24785.5,26377,33497.5,35118.5,31621,29059.5,38758,41478.5,50583.5,48054.5,47106.5,33860.5,23131.5,14731,19587,11674,7913,5744,1825.5,305,38.5
2023,대구광역시,달성군,262179,10919.5,15042.5,14215.5,11554,11810,14430,17898,20003,24664.5,20794.5,21326,20133.5,20319.5,14663,9932.5,6113,8360,4805,3555,2534.5,836,165.5,19
2023,대구광역시,군위군,23109.5,286.5,282.5,423,457.5,571,676.5,578,646.5,827.5,1024.5,1634,2401,3122,2865.5,2288.5,1748.5,3276.5,1786.5,1490,1092.5,333.5,55,9
2023,인천광역시,인천광역시,2966979,84134,121382,137201,134775,163436,205728.5,209312,197689,245155,232763.5,262520,246106.5,248459.5,179728.5,110819,81399,106370.5,60135.5,46235,31607,11530.5,2665.5,432
2023,인천광역시,중구,154889,5110,6908.5,7497.5,6771,7852,12051.5,12792,11411.5,14109.5,13001.5,12857.5,10413,10172.5,8522.5,5650,4394,5374.5,3088.5,2286,1518.5,595.5,145.5,26.5
2023,인천광역시,동구,58959,1190.5,1782.5,2228,2442.5,2797.5,3191.5,3256.5,3222.5,4496.5,4523.5,4994,4622,5289,4801.5,3526,2925,3670,2184.5,1485.5,1006,378.5,90.5,10.5
2023,인천광역시,미추홀구,403391.5,10143.5,13917.5,15535,15790.5,23223.5,29707,28841,26029,32206,30017,34671,31844.5,33952,27253.5,18260.5,14251,17749,10403.5,7345.5,5113.5,1757.5,415.5,59
2023,인천광역시,연수구,387342.5,13426.5,20669,22970,21190.5,22909,24537,25930,27877,35423,33112.5,34891,30103.5,28706.5,18499,10015.5,7153.5,9929,5415.5,4513.5,2986,1190,291,46.5
2023,인천광역시,남동구,496577.5,11802,19891.5,23825.5,23103.5,27566,34527,32600.5,30311,41225.5,40321.5,44690,41744.5,42556.5,31395.5,19638,14083.5,17295.5,9912.5,7383,5058.5,1834.5,421,69
2023,인천광역시,부평구,488915,12163.5,16666,19258.5,20762,26779.5,36533.5,37594,32125.5,36990.5,36051.5,43426,42950,43595,31619.5,19637,14127.5,18635.5,10605.5,8030,5562.5,1974.5,416,77
2023,인천광역시,계양구,283118,6013,8686.5,11032.5,12492,16527.5,21075.5,19723.5,16555.5,20016,20908,27182.5,28678.5,29021,18244.5,10028.5,7002,9931,5539,4392,3040,1064,254,34
2023,인천광역시,서구,604260,22603,30871,32199,29413,32148.5,40496,45161,46817.5,56253,49807,53271.5,47746.5,44184.5,29654,17195,11601.5,14838,8265,6573,4453.5,1656,397,66.5
2023,인천광역시,강화군,69116,1332,1585.5,2175,2245,2353.5,2361,2439.5,2521.5,3402,3848.5,5091.5,6132.5,8465,7562,5469,4758,7374.5,3936.5,3438,2372.5,870.5,169,26
2023,인천광역시,옹진군,20410.5,350,404,480,565,1279,1248.5,974,818,1033,1172.5,1445,1871.5,2517.5,2176.5,1399.5,1103,1573.5,785,788.5,496,209.5,66,17
2023,광주광역시,광주광역시,1420562,40702.5,62653.5,73565,75537,93358,100970,88568,86476.5,113836,115058.5,126801,111240,103884,76434,55494,41910,54074,31736.5,22337.5,15645.5,5395.5,1114,182.5
2023,광주광역시,동구,105751,3461.5,4077,3664.5,3810,6925.5,7918.5,7303.5,6840.5,7486,6862,8015,7576.5,8152,7185.5,5641.5,4562.5,6269,3741.5,2527.5,1780.5,613,114.5,19.5
2023,광주광역시,서구,284640,6830.5,11131,13710.5,14873,19495.5,22044,17759,16112,21649,22855.5,26471,23177.5,21431.5,15913,11551.5,8668.5,10967,6404.5,4562.5,3169.5,1114.5,235.5,43
2023,광주광역시,남구,210508,5534.5,9706.5,11569,10959.5,12281,13004,11580,12102,16852.5,16563,17176,15358,16270,13288,10346.5,7918.5,9999,5866,4133,2886,997,213.5,36.5
2023,광주광역시,북구,421862,12179.5,17442,19777.5,20639.5,26883,29944,26989,26074.5,32384,32160,36532,34458.5,33879.5,24846.5,17862.5,13180.5,16629.5,9819.5,6810,4763,1653,343.5,50.5
2023,광주광역시,광산구,397801,12696.5,20297,24843.5,25255,27773,28059.5,24936.5,25347.5,35464.5,36618,38607,30669.5,24151,15201,10092,7580,10209.5,5905,4304.5,3046.5,1018,207,33
2023,대전광역시,대전광역시,1438846,40665,58776,67868.5,71044,92828.5,108309,97767.5,89435,109851.5,112264.5,128480.5,111280.5,112122,86670.5,56734.5,40211,54537.5,31267,23270.5,16261.5,5618.5,1198.5,192
2023,대전광역시,동구,217792.5,5188,7493,8924.5,10015,14962,13978,12453.5,11626.5,15501,16173,18684.5,17161,18963.5,15857,11277.5,8369,11165.5,6634,4531.5,3225.5,1053,218.5,34.5
2023,대전광역시,중구,224216,4873,7566.5,9582.5,10468,13032,15142,12597,11514,15770,17117,20186,17989,18825,16251,11890.5,9132,12280.5,7137,5143.5,3649,1202,248,44.5
2023,대전광역시,서구,465772.5,12959,19655.5,23063,23858.5,30700.5,38616,33516,29817.5,36350,36828,41574.5,34736,34527.5,26327,16693,11415.5,15135,8602.5,6532.5,4529,1595,355.5,53
2023,대전광역시,유성구,360468,13681.5,18620,19388.5,18822,23641.5,29016,28955,27275.5,30917.5,29331.5,31235.5,25520,23798,16335.5,9348.5,5964.5,8617,4645.5,3971.5,2651.5,1065,221.5,33.5
2023,대전광역시,대덕구,170597,3963.5,5441,6910,7880.5,10492.5,11557,10246,9201.5,11313,12815,16800,15874.5,16008,11900,7525,5330,7339.5,4248,3091.5,2206.5,703.5,155,26.5
2023,울산광역시,울산광역시,1103825,31542,50497,56355,53417.5,57363,68305.5,68602,69206.5,91669.5,87290,102820.5,100947.5,96350,69445,42883,26278.5,30852.5,18492,12360.5,8724.5,2944,624,68
2023,울산광역시,중구,207749,5096.5,8603.5,9888,9344,10041,12400.5,12112,11921.5,16165,15517.5,19123,19671,19636.5,15106,9937,6185,7001,4346.5,2654.5,1893.5,628,121,12
2023,울산광역시,남구,307630.5,8025,12537.5,14111.5,14338,17687,21846,21306.5,19031.5,23723,23492,30064,28862.5,26863,19306,11799,7003.5,7634.5,4725.5,2909,2130,642.5,128,8.5
2023,울산광역시,동구,151573.5,4225.5,7701.5,8545.5,7405.5,7080,8548.5,8584,10629.5,14328.5,12315.5,12196,11922.5,13905,10628,6461.5,3609,3487.5,2188,1299.5,911,305.5,72,11
2023,울산광역시,북구,217189,8440,12979.5,13222.5,11362,10707.5,13359,14816.5,15851,21229.5,18095,19306,19485.5,15938.5,9471,5363,3417,4145.5,2380.5,1765,1224,421,106.5,13.5
2023,울산광역시,울주군,219683,5755,8675,10587.5,10968,11847.5,12151.5,11783,11773,16223.5,17870,22131.5,21006,20007,14934,9322.5,6064,8584,4851.5,3732.5,2566,947,196.5,23
2023,세종특별자치시,세종특별자치시,384276.5,18091,26644,27710,22129.5,17677.5,20367,27577,32533.5,41373,35258.5,30632.5,22243,20775,15612,9696,6348,9609,5109.5,4499.5,3023.5,1191.5,248,36.5
2023,세종특별자치시,세종시,384276.5,18091,26644,27710,22129.5,17677.5,20367,27577,32533.5,41373,35258.5,30632.5,22243,20775,15612,9696,6348,9609,5109.5,4499.5,3023.5,1191.5,248,36.5
2023,경기도,경기도,13545542.5,414094,600617.5,671466.5,650517,772182.5,932864,943400,929355,1152431.5,1104358,1224263.5,1072415,1029614,749825,470060.5,354344,473734.5,269574,204160.5,142329,49266.5,10889.5,1675.5
2023,경기도,수원시,1188668.5,35148,49526,56393.5,57746.5,77429.5,100019.5,97012.5,84722,99430,95965,106222,92863.5,84667.5,56696.5,35117,25873,33836.5,19189.5,14647,10215,3531.5,784,116.5
2023,경기도,장안구,269395,6053,9513,12414,14176,19719.5,21524,17877.5,15245.5,19743.5,21754.5,25843.5,23178.5,21136.5,14578,9332.5,7189,10116.5,5633.5,4483,3098.5,1106.5,240.5,37.5
2023,경기도,권선구,365478.5,11086.5,15634.5,16713.5,15943,21053.5,29482,29881.5,27061.5,31634,28342,31872,30141,28311,18869.5,11330.5,8082,10040.5,5707.5,4333,3008.5,1054,236.5,34
2023,경기도,팔달구,193474.5,5418,6189,6415,7641,12392,18080,17452.5,13828.5,14149,14141,16680.5,15165,15041.5,11076.5,7326.5,5548,6930.5,4062,2868.5,2058,649,139,22.5
2023,경기도,영통구,360320.5,12590.5,18189.5,20851,19986.5,24264.5,30933.5,31801,28586.5,33903.5,31727.5,31826,24379,20178.5,12172.5,7127.5,5054,6749,3786.5,2962.5,2050,722,168,22.5
2023,경기도,성남시,915389.5,25525,35756.5,41598,42237.5,51311.5,67211,68897.5,64407.5,74815.5,72728,82363.5,70622.5,70073,53959,34669,26009,33205.5,18850.5,14355,9809.5,3613,802,130.5
2023,경기도,수정구,231840.5,6383,7646.5,7942.5,8459.5,13079,18101.5,18269.5,16515,18189.5,16683,19909.5,18881.5,19797.5,15718.5,10368,7496.5,8400,5112.5,3287.5,2340,752,167,28.5
2023,경기도,중원구,209486.5,5635,6585,7151,7901,11253,16308,16847,14988.5,15960.5,14888,17914,17521.5,18671.5,14309.5,9302,6611,7640,4666,2974,2122.5,662,164.5,25
2023,경기도,분당구,474062.5,13507,21525,26504.5,25877,26979.5,32801.5,33781,32904,40665.5,41157,44540,34219.5,31604,23931,14999,11901.5,17165.5,9072,8093.5,5347,2199,470.5,77
2023,경기도,의정부시,461303,12940.5,17909.5,19934.5,20704.5,27843,32844,30874,29216.5,35967,35134,42768.5,38347,37335,28000.5,18010,14596,18878.5,11106,7772.5,5566.5,1758.5,388.5,59
2023,경기도,안양시,543899,15777,20409,23673.5,25448.5,31511.5,38107,40591,37820.5,41620,41583,49231,45131,46191.5,33539,20235,14276,18754.5,10500.5,8254,5680.5,2089.5,431.5,52.5
2023,경기도,만안구,231404.5,6292,7358.5,7869.5,9118,13315,16958.5,17278,15411,16592.5,15981.5,20250.5,20435.5,21613,16114,10194.5,7355.5,9267,5336,3931,2759,951.5,193,27.5
2023,경기도,동안구,312494.5,9485,13050.5,15804,16330.5,18196.5,21148.5,23313,22409.5,25027.5,25601.5,28980.5,24695.5,24578.5,17425,10040.5,6920.5,9487.5,5164.5,4323,2921.5,1138,238.5,25
2023,경기도,부천시,781052,19700.5,27387.5,31662,33683.5,44017.5,57128.5,55802,51579,60668,58546.5,70506.5,68689,72251.5,52060.5,30505.5,20568,26296,14976,11320,7789,2811,618.5,101.5
2023,경기도,광명시,282728,7892.5,11571.5,13943,14698.5,16176,17738,18714.5,18711,23452,23693,25868,22328,22187.5,17598,10850.5,7612,9694,5653,4041,2807,983,211,40
2023,경기도,평택시,581949.5,21137,27644,29140.5,26594.5,32600,44611,46768.5,43710,51996,47782,51809.5,43672.5,39273.5,26673,17042.5,12985,18510,10536.5,7973.5,5719.5,1801,399.5,53.5
2023,경기도,동두천시,89416,1834.5,3071,3960,4014,4786.5,5192,4641.5,4451.5,6006,6554.5,8264,7710.5,8124,6495.5,4488.5,4003,5819,3470.5,2348.5,1683.5,524,126,15
2023,경기도,안산시,631681.5,15333.5,21488.5,26578.5,30755,44376.5,52054.5,45386,37374.5,45508,50315,63904,60780.5,53862.5,33043.5,18646,13297.5,18977.5,10501,8476.5,5912.5,2037.5,466,60.5
2023,경기도,상록구,337632.5,7450,11420.5,14312.5,16627,24764.5,27926.5,23279,18958.5,23817.5,26883,34745,32811,28584,17546.5,9965.5,7599,10942.5,6130.5,4812,3352,1162,262.5,35.5
2023,경기도,단원구,294049,7883.5,10068,12266,14128,19612,24128,22107,18416,21690.5,23432,29159,27969.5,25278.5,15497,8680.5,5698.5,8035,4370.5,3664.5,2560.5,875.5,203.5,25
2023,경기도,고양시,1069377.5,29336.5,42731,49278.5,50522,62768.5,74083,73336.5,69336,83786.5,85697,104609,91769,85125,58860.5,34855.5,28933,44350,24464.5,19885.5,13923,4809,1009.5,144
2023,경기도,덕양구,490829.5,15607,20574,21285.5,20124,26337,33077.5,36319.5,35458,40442.5,37831.5,44282,40337.5,38882,28212.5,17473,14288.5,20297.5,11577,8720.5,6163.5,2065,436.5,55.5
2023,경기도,일산동구,291653,6816,10977.5,13400,14352.5,17995.5,21865.5,19609.5,17557,22086.5,23977,30133,25777,23650,15641,8845,7220.5,11749.5,6180,5569.5,3822,1396.5,306,45
2023,경기도,일산서구,286895,6913.5,11179.5,14593,16045.5,18436,19140,17407.5,16321,21257.5,23888.5,30194,25654.5,22593,15007,8537.5,7424,12303,6707.5,5595.5,3937.5,1347.5,267,43.5
2023,경기도,과천시,79056.5,3303,4344.5,4048,3629,4484,5111,5683.5,6076,6513.5,5599,6731,6257,5924.5,4259.5,2508,1843,2742,1436,1306,870.5,337,91,7.5
2023,경기도,구리시,186972,4851,7416.5,8367,8514.5,10689.5,13003.5,12188.5,11813,15197,14741,17777.5,16401,16043,11270.5,6970,5260,6468.5,3879.5,2589,1852,597,122,18
2023,경기도,남양주시,731185.5,21812,35018,40882,38419,40329,42289.5,40927,45443,65352.5,63995.5,68028,57015.5,53707,42195.5,28033.5,21249,26489.5,15740,10749.5,7504,2566,572.5,107
2023,경기도,오산시,228893,7194,11779.5,13405,11996,13037,16268.5,17310,18005.5,23399.5,20866,19789.5,15694.5,14120.5,9765,6084.5,4551.5,5626.5,3377,2249.5,1609,504.5,126,10
2023,경기도,시흥시,514060.5,18532,25975,26480,24754.5,29765.5,35381.5,37168.5,38641,48424,43998.5,47849.5,43012,37043,22777.5,12843.5,9024.5,12390,7073,5317,3667,1294.5,306,49.5
2023,경기도,군포시,262606.5,6726.5,9587,11697.5,12669,15540.5,18675.5,19174.5,17037.5,19676.5,20362,24449,22227,22798.5,15874.5,9134.5,6897,10079.5,5419.5,4660,3212,1140,264,44
2023,경기도,의왕시,158844.5,5068.5,6710,6702,6841.5,9291,11076.5,11649.5,10895,11779,11180,14120.5,13894,14037.5,10267.5,5776,3994.5,5561.5,3034,2527.5,1691.5,655,157.5,23.5
2023,경기도,하남시,326734.5,12695.5,18704.5,17332.5,13654.5,15335,21061.5,24750,27109,33430.5,26739,25565.5,21702.5,22743.5,18059.5,11695,7715,8441.5,4823.5,3618,2433,921,224.5,39.5
2023,경기도,용인시,1070219,32322.5,52004.5,61197.5,59356.5,65322,67969.5,64613,69444,94970.5,96123.5,100723.5,77825,67725.5,51998,37778.5,31344.5,39500.5,22949,16551.5,11543.5,3995,878,135
2023,경기도,처인구,259455,7006,10832.5,12510.5,12263,15750,17330.5,15982,16193.5,21358,21267,23556,21377,20953,15490,10127,7452.5,10006.5,5582.5,4424,3053,1092.5,248,30.5
2023,경기도,기흥구,435419.5,13118,21142,25419,24852.5,27324,28045.5,25723.5,27408.5,38887,39742,42070,31337.5,26284.5,20147,14964,12794.5,16160,9369,6791,4719.5,1644,360,67.5
2023,경기도,수지구,375344.5,12198.5,20030,23268,22241,22248,22593.5,22907.5,25842,34725.5,35114.5,35097.5,25110.5,20488,16361,12687.5,11097.5,13334,7997.5,5336.5,3771,1258.5,270,37
2023,경기도,파주시,494451,16539,24668,27015.5,24665.5,26440.5,31105.5,33323.5,35943.5,43475.5,40471,44346,36483,34390.5,25493,16521,13769.5,19800.5,11355,8445.5,5873,2049.5,455,68
2023,경기도,이천시,221661,6409.5,9637,10908.5,11070,12576,16934.5,15684,14600.5,17409,17169.5,18751,17144.5,17626.5,12827,8166.5,6025.5,8721.5,4884.5,3837,2738.5,872.5,197.5,28.5
2023,경기도,안성시,188165.5,4573.5,7128,8787,8647.5,10814.5,11499,10703,10967.5,14760,14588,16795,15475.5,16318.5,12708.5,8415.5,6390,9594.5,5216,4378.5,3091,1050.5,204,33
2023,경기도,김포시,483168.5,18549,28966.5,29436.5,22879.5,22722,27013,30645,37570,50953.5,42564.5,38760.5,32439.5,31734.5,25223.5,16692,12170,14849,8646.5,6202.5,4302.5,1502,351.5,46.5
2023,경기도,화성시,925102.5,39580.5,56321.5,59351,48536,47178.5,63008,73877,78679,97487,82770,75305.5,57998,51962.5,35695.5,21988,15243,20121.5,11215.5,8906,6222.5,2164,446.5,73
2023,경기도,광주시,389863.5,12741.5,18015,18080,16824.5,19078.5,23339.5,25165,28000.5,36197.5,32138,35316,31649.5,31821,24221,14925.5,10280,12070.5,7133.5,4937,3468.5,1158,258.5,52
2023,경기도,양주시,254565.5,8425.5,12020,13310,12604,13907.5,14719.5,15338.5,16032,21081.5,20837,23075,19945,19426,15522,9860.5,8069,10392.5,5944.5,4448,3112,1052,237.5,46.5
2023,경기도,포천시,144364,2909.5,4114.5,5154,5720,7794.5,8770.5,7495,6502.5,8169.5,9691,13290.5,14760,16223.5,12372,7054.5,5798,8544.5,4776.5,3768,2649.5,883,200,35.5
2023,경기도,여주시,113439,2604.5,3789,4621,4697,5442.5,5885,5615,5565,7577,7976,9808,10286.5,11563,9702,6380.5,4766,7161,4024,3137,2148,782,178,29
2023,경기도,연천군,41595.5,944.5,1228,1406,1465.5,2129.5,2500.5,2242,1717,2124.5,2293.5,3027,3590,4375,4051,2521.5,2354,3626,2045,1581,1129.5,353.5,86,12
2023,경기도,가평군,61961,1153.5,1678.5,2123.5,2262.5,2705.5,3092.5,2761,2635.5,3494,3962.5,5063,5739,7079,6323.5,4032.5,3205.5,4649.5,2602.5,2047,1443.5,484.5,101.5,17.5
2023,경기도,양평군,123169,2533.5,4017.5,5000,4906,4779,5171,5062.5,5349.5,7710.5,8294.5,10146,10962.5,13860,12292.5,8259.5,6242,8582.5,4751,3831.5,2662,947,195.5,27
2023,강원도,강원도,1526763,39645.5,53774.5,63967,66508,81638,84848,80114.5,78773.5,102563,108629.5,131435,129270,148199,122388.5,75982,63703.5,95323.5,54346,40977.5,28362.5,9848.5,2410.5,356
2023,강원도,춘천시,285445,8236,11234,13184.5,12995,18215,18888,17563.5,16652,20692,20297.5,24094,22415,23929.5,19660,11377.5,10209,15802.5,8835,6967.5,4839,1675,395.5,58
2023,강원도,원주시,359758.5,11196,14818,17515.5,17388,20115.5,22870.5,22983.5,22327,27770.5,28113.5,32199.5,29485.5,30523.5,22728.5,13203.5,10282,16238,9146,7092,4910.5,1729,400,52.5
2023,강원도,강릉시,209691.5,4883,6892,8525.5,9143.5,11558.5,11621,10135.5,10279.5,14188,15914.5,18586.5,17557,19875.5,16801,11195.5,9344,13191,7466,5725,3863,1452,353.5,56.5
2023,강원도,동해시,88678.5,2188.5,3438.5,4167,4184.5,4285,4402.5,3961,4337,6352,7132,8302.5,7384.5,8187.5,6945.5,4622,3745.5,5043,2960,2083,1465,500.5,105,12.5
2023,강원도,태백시,38938,714,1201,1710,1760.5,1719,1408,1296.5,1605.5,2636.5,2987,3454.5,3370,3957.5,3681.5,2701.5,2119.5,2615.5,1630,985.5,753,181.5,44,7
2023,강원도,속초시,82080,2133,3096.5,3498.5,3435,3931.5,4437.5,4555,4447,5819.5,5944,7614.5,7256,7942.5,6561,3862,3232,4314.5,2456,1858.5,1245,471.5,132,10
2023,강원도,삼척시,62897,1509.5,1784,2237.5,2669,4038,2617,2392,2583.5,3655,4378,5313.5,5386.5,6615,5488,3934,3213.5,5083,2789,2294,1575,585,114.5,19.5
2023,강원도,홍천군,67445.5,1403.5,1882.5,2254.5,2390,2819.5,3107.5,2874,2691.5,3506,3982.5,5197.5,6311.5,8325,7343,4309,3424,5624,3094.5,2529.5,1773.5,592.5,140.5,23
2023,강원도,횡성군,46283,808.5,1124,1393.5,1995.5,1664.5,1617,1465.5,1599.5,2207.5,2490.5,3676.5,4478,6171.5,5412.5,3273.5,2673.5,4231.5,2332.5,1899,1332.5,440.5,108.5,17.5
2023,강원도,영월군,37354,582.5,860.5,1113,1510.5,1616,1257.5,1149,1265,1874.5,2232.5,3140,3646,4701.5,4063.5,2749.5,2169,3423.5,2014.5,1409,1007.5,329.5,62,10
2023,강원도,평창군,40692,570.5,922,1243.5,1417,1613.5,1448.5,1314,1379.5,2086.5,2556.5,3564,4020,5379,4520,2908,2347.5,3402,1991,1411,987,333.5,75.5,15
2023,강원도,정선군,34446.5,578.5,798.5,1142.5,1142.5,1335,1050.5,1057.5,1339,1955.5,2335,3038,3321.5,4318.5,3709,2450,1980,2895,1741.5,1153.5,797.5,259,82.5,14.5
2023,강원도,철원군,41757,1335,1469.5,1585,1759,2223.5,2437.5,2359.5,1964.5,2389,2610,3230,3414,4121.5,3455.5,2166.5,2204,3033,1868,1165,789,274,90,12
2023,강원도,화천군,23138,681.5,834.5,804,832.5,1336.5,1693,1478.5,1118,1166.5,1246.5,1682,1931.5,2319.5,1965,1092,1093,1863.5,1083,780.5,552.5,174,42,12
2023,강원도,양구군,21185.5,683,820,823,1038.5,1154,1356,1251,1105.5,1215,1184.5,1511,1725,2152,1736.5,962,943,1525.5,897.5,628,434,155,34,5
2023,강원도,인제군,32048,1133,1204.5,1167.5,1133.5,1732.5,2220.5,2124,1793.5,2027,1903,2306.5,2588,3277.5,2716.5,1456.5,1276.5,1987.5,1138.5,849,574.5,200.5,65.5,8.5
2023,강원도,고성군,27219.5,557.5,727.5,771,821,1210.5,1343,1165,1172.5,1416,1561,2233,2432.5,3183,2712,1764.5,1662,2487.5,1439.5,1048,719.5,240.5,76,12
2023,강원도,양양군,27705.5,452,667,831,892.5,1070,1072.5,989.5,1113.5,1606,1761,2291.5,2547.5,3219,2889.5,1954.5,1785.5,2563,1463.5,1099.5,744.5,255,89.5,10.5
2023,충청북도,충청북도,1589702,42975.5,63368.5,72892,72168.5,85105,99538.5,94101,92859.5,115082.5,117203,136545,132542,141211,112769,72032,53944.5,85364.5,47518,37846.5,26922.5,8875,1789,260
2023,충청북도,청주시,848450,26718.5,38489,43031.5,41622.5,50326,63132.5,59780.5,57201.5,67998,66565,73213,65725.5,64089,48276.5,29469,21438.5,31373.5,17491.5,13882,9867.5,3259.5,668.5,86.5
2023,충청북도,상당구,197999.5,6186,9092,10150.5,9774.5,11006.5,12542.5,12030.5,12348,15286.5,15349.5,17608,16355.5,16029,12352,7692,5665,8531.5,4754.5,3777,2716.5,845,192,23.5
2023,충청북도,서원구,188167,4442,6711,8813,9653,12888.5,13926.5,11330,10188.5,13104.5,14585,17429,15911,15825.5,12266.5,7639,5553,7901,4424.5,3476.5,2482.5,812,163.5,18.5
2023,충청북도,흥덕구,270459.5,9531,12742,13591,12908.5,15838,22700,22190,20177.5,22448.5,21210.5,23152,20313.5,19018.5,13481,7935,5492.5,7730,4273,3457,2408.5,856,168,24.5
2023,충청북도,청원구,191824,6559.5,9944,10477,9286.5,10593,13963.5,14230,14487.5,17158.5,15420,15024,13145.5,13216,10177,6203,4728,7211,4039.5,3171.5,2260,746.5,145,20
2023,충청북도,충주시,207417.5,5056.5,7510.5,8942.5,9071,10525.5,11541.5,11226,11108.5,14199,15116,18130,18132,19922,15987.5,10136,7984,12829,7245,5584,3963,1315,266,40
2023,충청북도,제천시,130243.5,2866.5,4408.5,5316.5,5968,7545.5,6535,5686.5,6007,7962.5,8665,11378.5,11594,13425.5,11468,7502,5575,8339.5,4870,3469.5,2529,753.5,157.5,29.5
2023,충청북도,보은군,31158,429,738.5,933,975.5,1116,918.5,837,1028.5,1381.5,1545.5,2289.5,3010.5,3977.5,3619.5,2483.5,1969.5,3905,2051.5,1853.5,1262.5,484,97,10
2023,충청북도,옥천군,49104,728.5,1311,1770.5,1867.5,2015.5,1816,1517.5,1767,2641.5,3064,4023,4469,5665.5,5132,3813,2657,4845.5,2579,2266.5,1576,561.5,111,18
2023,충청북도,영동군,44459,674,1040.5,1436,1554.5,1869,1553,1258,1410,1993.5,2543.5,3583,4231.5,5364,4792,3514,2758.5,4884,2751.5,2132.5,1528.5,485,101.5,17.5
2023,충청북도,진천군,85974.5,2776.5,4000.5,4366,4073,3909,4940,5349,5657.5,7301,6914,7212,6946,6943.5,5322,3345,2478,4441.5,2334,2107.5,1527.5,471.5,97,11.5
2023,충청북도,괴산군,36735,436.5,728.5,894.5,919.5,1174.5,1078,987.5,1103,1552.5,1843,2825.5,3840.5,5149.5,4590.5,3074.5,2380,4157,2282,1875,1326.5,461.5,75.5,11.5
2023,충청북도,음성군,91229.5,1828.5,2948.5,3610,3582.5,3864.5,4606.5,4411.5,4417,6047,6686.5,8420,8771.5,9779,7664.5,4876,3691,6025,3316.5,2708.5,1905.5,641,139.5,22.5
2023,충청북도,단양군,27672,371.5,579,794.5,941,918.5,917,807.5,890,1246.5,1509,2324,2790,3734,3305.5,2170,1733,2641,1521,1120,810.5,259,40,10.5
2023,충청북도,증평군,37259,1089.5,1614,1797,1593.5,1841,2500.5,2240,2269.5,2759.5,2751.5,3146.5,3031.5,3161.5,2611,1649,1280,1923.5,1076,847.5,626,183.5,35.5,2.5
2023,충청남도,충청남도,2119950.5,59200.5,88889.5,102580,99448,109083,118819,121990.5,129359,163842.5,160125,178378.5,165603.5,177739.5,140510,100723,75262,128397,68028,60369,42039.5,14917.5,2954,458
2023,충청남도,천안시,654280.5,21233.5,30799,34455.5,33230.5,41974,48638.5,48790,49061,57950.5,53371.5,57023.5,48960.5,45721.5,30458,19151.5,13613,19848.5,10932,8916.5,6235.5,2144,462.5,74.5
2023,충청남도,동남구,255159.5,6619,10182.5,12616,12853.5,16351,17174.5,15529,15322.5,20337,20655.5,22949.5,20954,21346,15119.5,9829.5,6958.5,10362,5632.5,4729.5,3291.5,1153,245.5,39.5
2023,충청남도,서북구,399121,14614.5,20616.5,21839.5,20377,25623,31464,33261,33738.5,37613.5,32716,34074,28006.5,24375.5,15338.5,9322,6654.5,9486.5,5299.5,4187,2944,991,217,35
2023,충청남도,공주시,102020.5,1845.5,2792.5,3650.5,4270,5962.5,4915,4139.5,4264,5707.5,6427,8224.5,8920.5,10970.5,9351,6720,4866.5,8993.5,4700.5,4293,2936.5,1129.5,190.5,36.5
2023,충청남도,보령시,96232,1984.5,3019,3788,3928,4068.5,4199.5,3890.5,4335,5963.5,6679,8048.5,8264.5,9962,8589.5,6531.5,4940,8040.5,4315,3725.5,2608.5,902.5,187,27.5
2023,충청남도,아산시,339077.5,12334,18511.5,20284.5,17530,17391,20349.5,23283,26280.5,33085,28574.5,28163.5,23128.5,21943.5,16268,11053,8246.5,12651,6927.5,5723.5,4015,1407,261.5,40
2023,충청남도,서산시,175773.5,5403,7859,8834,8246,8269.5,9597.5,10253.5,10394,13562,13628.5,15266,13999.5,14455,10964.5,8290.5,6036,10715,5497,5218,3580,1343.5,250.5,44
2023,충청남도,논산시,111226,2248.5,3626,4343,4667,4929.5,5000,4732.5,4808.5,6335,7373,9116.5,9541,11504.5,10047.5,7246.5,5591.5,10115.5,5290.5,4825,3336.5,1205.5,248,35
2023,충청남도,계룡시,45452,1333,2381.5,2956.5,3319.5,2626,2194.5,2340.5,2790.5,3965,4427,4448,3319.5,3111,2389.5,1465.5,950.5,1434,751,683,474,168.5,34.5,6
2023,충청남도,당진시,168800,5294.5,8019.5,8807.5,7506.5,6954.5,8048.5,9512,11131.5,14440,13319.5,14243.5,13210.5,13778.5,10660,7831.5,5784,10258,5415,4843,3451.5,1129.5,224,38
2023,충청남도,금산군,49945,754.5,1225,1943,2112,1834.5,1605.5,1468,1676,2546,3009,4169.5,4568.5,5728,5164.5,3783,3005,5353,2971,2382,1680.5,569.5,112,20
2023,충청남도,부여군,61562.5,779.5,1502.5,1941.5,2228.5,2364,2117.5,1751,1971,2813,3429,4600.5,5182.5,7062,6743.5,5164.5,4024,7888,4034,3854,2640,968,218.5,27.5
2023,충청남도,서천군,49397.5,752,1139.5,1492,1630.5,1723,1560,1439,1516,2292.5,2733,3764,4094.5,5525,5267,4323.5,3525.5,6620.5,3385,3235.5,2191,868.5,155.5,20.5
2023,충청남도,청양군,30139.5,414,607,858.5,1083.5,1358,1093.5,873,975.5,1237.5,1528.5,2214.5,2660,3597.5,3209.5,2475,1913,4041,2010.5,2030.5,1429,506.5,87.5,7.5
2023,충청남도,홍성군,97560,2541,3949,4696.5,4676,4445,4288.5,4531.5,4882.5,6600.5,6984.5,7945.5,7602.5,8830,7469,5761.5,4317.5,8039,4143.5,3895.5,2757.5,916,189.5,32.5
2023,충청남도,예산군,77627.5,1348.5,1942,2600,2860.5,3025.5,3016.5,2985.5,3073.5,4043.5,4854.5,6294.5,6633.5,8571.5,7639.5,5880.5,4490.5,8367.5,4403,3964.5,2824.5,930.5,179,30.5
2023,충청남도,태안군,60856.5,934.5,1516.5,1929,2159.5,2157.5,2194.5,2001,2199.5,3301,3786.5,4856,5517.5,6979,6289,5045,3958.5,6032,3252.5,2779.5,1879.5,728.5,153.5,18
2023,전라북도,전라북도,1757041,40571.5,65841.5,81530.5,84276,97457,96652.5,86046,88095,118032,130132.5,152757.5,145257.5,154314.5,125765,95279.5,74632,120400.5,66007.5,54393,37743.5,13449.5,2746.5,453.5
2023,전라북도,전주시,645398,17207.5,28629,34101.5,34511.5,42685.5,44254.5,39301,38380.5,49107.5,51760.5,57720,50214,48229.5,36453.5,26641.5,19519,26681.5,15195.5,11486,8057.5,2772,566.5,90
2023,전라북도,완산구,328899,7595.5,13001.5,15925.5,17282,22271.5,23153,19621,18165,23126,25664,30304,26950.5,26156.5,20129,14627,10539,14388,8090,6298,4369.5,1540.5,332.5,55.5
2023,전라북도,덕진구,316499,9612,15627.5,18176,17229.5,20414,21101.5,19680,20215.5,25981.5,26096.5,27416,23263.5,22073,16324.5,12014.5,8980,12293.5,7105.5,5188,3688,1231.5,234,34.5
2023,전라북도,군산시,260348.5,6340,10837,13052,12654,13593,13485.5,12552.5,14177.5,20174,20958.5,23746,20794,22123,18456,13471.5,10285.5,13648.5,7700.5,5948,4026.5,1568.5,308,45
2023,전라북도,익산시,270812,5689.5,9618.5,12404.5,13572,16808.5,15786,13124,12943,17599,20185,24139.5,23565,24523,19590.5,14346,10572,16346,9046.5,7299.5,4981,1893,377.5,48
2023,전라북도,정읍시,103989.5,1973.5,3167,4191.5,4573,4946,4571.5,3876.5,4049,5888.5,7252,8885,9099.5,9959,8485,6742.5,5805,10525,5615,4910,3407.5,1230.5,230.5,41.5
2023,전라북도,남원시,77200,1592,2413.5,3134,3568,3465.5,3077.5,2738.5,2938.5,4166.5,5165.5,6748.5,6692.5,7613.5,6387.5,5200,4300,7998.5,4245.5,3753,2643,858,212.5,39.5
2023,전라북도,김제시,81247,1532,2114.5,2814.5,3075.5,3407,3555.5,3032,3172.5,4245.5,5012.5,6252,7000,8345,7435.5,5998.5,4895,9359.5,4824,4535.5,3058,1213.5,222.5,41.5
2023,전라북도,완주군,94929.5,2381.5,3733.5,4398.5,4087.5,4232,4687,4798,4969,6549.5,6883,7897.5,7951,8818.5,7306.5,5260.5,4059,6917,3683.5,3233.5,2255,776.5,176,26
2023,전라북도,진안군,24455.5,477,478.5,725.5,836.5,883,766,676.5,721,978.5,1298,1896,2371.5,3010,2492,1997,1674.5,3174,1677.5,1496.5,1048.5,355.5,79,13.5
2023,전라북도,무주군,23334,328.5,574,824.5,901.5,844.5,712.5,720.5,757,1108,1449.5,1885,2114,2649,2292.5,1749.5,1426,2997.5,1622.5,1375,972,318.5,67,17.5
2023,전라북도,장수군,21135.5,364,509.5,762,808.5,725.5,685,530.5,719,983.5,1232,1641.5,1903,2335.5,2116,1765.5,1336.5,2718,1480,1238,880.5,287,58.5,12
2023,전라북도,임실군,26171.5,579,586.5,728.5,760,846.5,898,850.5,854,1102,1298,1918.5,2405,3040.5,2492,2169,1832.5,3811,2018,1793,1256,429.5,92.5,15
2023,전라북도,순창군,26695,477.5,645,939,1152,1076.5,868,752.5,871.5,1304.5,1647,2111,2280.5,2870,2431.5,1911,1835,3522.5,1957,1565.5,1116,357.5,78.5,13.5
2023,전라북도,고창군,51893.5,845,1301.5,1809,2050.5,1934,1670.5,1548,1775.5,2406,2960,4070,4477.5,5464,4966,4067.5,3676.5,6872,3748,3124,2152,765,170.5,36.5
2023,전라북도,부안군,49431.5,784.5,1233.5,1645.5,1725.5,2009.5,1635,1545,1767,2419,3031,3847,4390,5334,4860.5,3959.5,3415.5,5829.5,3194,2635.5,1890,624.5,107,14
2023,전라남도,전라남도,1806802,45142.5,66124,80188,79963.5,89983,91751.5,82775,87626,118104.5,125107.5,153015.5,156583.5,166812,132138.5,104199.5,84907,142380.5,79794.5,62586,43387,15525,3115.5,558.5
2023,전라남도,목포시,214931.5,4885.5,9291,12057,11480.5,12686,12175,10248,11736,17213,17677,19378,17160.5,17363,13592.5,10323.5,8016.5,9648.5,5867,3781.5,2663.5,904.5,182.5,31
2023,전라남도,여수시,272589,7058,10680,12318,12582,14855,15852.5,14047,14386,19159.5,19893.5,23914.5,23512.5,24441.5,19540,14997,10901.5,14450.5,8510.5,5940,4031.5,1526,325,57.5
2023,전라남도,순천시,277841,8410.5,12303.5,14326,14504,16853,17364.5,15864,16056,20023,20858.5,24912,24029,23128,16140.5,11389,8327,13352.5,7326,6026.5,4174,1504.5,298,50
2023,전라남도,나주시,116683,3852.5,5253,5430,4560,5125.5,6352,6959,7101,8864,8075,8613,8844,9826,8035.5,6082.5,5055,8655,4824,3831,2638,987,171,35
2023,전라남도,광양시,152155,5005,6716,7972.5,7715.5,8544,9910,9220.5,8938,11549.5,11349.5,14930,15010,12326.5,8096,5263.5,3594.5,6014,3165,2849,1935.5,721.5,164,28
2023,전라남도,담양군,45489,862.5,1143,1369.5,1557,1929,2079,1668,1704.5,2195,2620.5,3734.5,4283.5,5138.5,4108,3256.5,2759.5,5080.5,2856.5,2224,1538,538,118,30
2023,전라남도,곡성군,26916,270,544.5,774,904.5,1042,1020,751,787.5,1128,1503,2101,2508.5,3119.5,2472.5,2115,1829.5,4045.5,2072.5,1973,1345,482.5,130,15.5
2023,전라남도,구례군,24431.5,333,550.5,801.5,849,927.5,727,623,718.5,1091,1378,2082.5,2312,2892,2234,1890.5,1719,3302.5,1828,1474.5,1027,372,66.5,9
2023,전라남도,고흥군,61327.5,937.5,1186,1607,1849,1933,1631,1466,1709,2443,3111.5,4389.5,5162.5,7043,6283,5890,4973,9713.5,5183.5,4530,3022,1232.5,226.5,49
2023,전라남도,보성군,38007,514,780.5,1094.5,1250.5,1303,1120,966,1105.5,1597,1962,2837,3369,4231,3720,3327,2832.5,5997.5,3186.5,2811,1891.5,748.5,141,30
2023,전라남도,화순군,61458,1108.5,1729,2400.5,2817,3272.5,3040,2330.5,2184,3193.5,4057.5,5514,5757.5,6151,4716,3737,3295.5,6154,3429,2725,1949,627,131.5,17.5
2023,전라남도,장흥군,35250,656,895,1172.5,1298.5,1370.5,1191,1116,1184.5,1678,1914,2732.5,3190,3701,3229.5,2697,2386,4838,2563,2275,1556,589.5,113.5,16
2023,전라남도,강진군,32859.5,598.5,805.5,1080,1212,1264,1177,1034,1104.5,1506.5,1771,2477,2825.5,3625,3029,2588,2312,4450,2420,2030,1383.5,534,101.5,11
2023,전라남도,해남군,65061.5,1339,1728,2323.5,2483.5,2610.5,2283.5,1917.5,2235,3252,3875,5117,5839.5,6983,5967.5,5079.5,4412,7615.5,4297,3318.5,2329.5,791,168,30
2023,전라남도,영암군,52256,1126.5,1601.5,2037.5,2093.5,2497,2213.5,1857,2176,3332.5,3672,4605,4866,5081.5,4085,3205.5,2816.5,4989.5,2764,2225.5,1567.5,546,95.5,16.5
2023,전라남도,무안군,90294.5,2792.5,4539,5457,4560.5,4650,4552.5,4746.5,5594,7539,6912,7020.5,6507.5,6729,5405.5,4322,3496.5,5470.5,3168.5,2302,1605,562,112,23
2023,전라남도,함평군,30614.5,446.5,578,908,993,1113.5,1019,888,881,1321,1702.5,2342.5,2872.5,3369,3052,2442.5,2245,4440.5,2440,2000.5,1392.5,472.5,118,17.5
2023,전라남도,영광군,51861.5,1940,1526,1912.5,2020,2242.5,2288.5,2215.5,2304,2862,3250,3960,4406,4817,4197,3592,3092,5236.5,3063.5,2173,1579.5,461.5,105.5,26.5
2023,전라남도,장성군,42759,808,1266,1512.5,1532.5,1753.5,1953.5,1564,1609,2233.5,2693,3524,3885,4423,3658.5,3025.5,2578.5,4739,2629,2110,1528.5,458.5,105,18
2023,전라남도,완도군,46993.5,1023,1512,1705,1688,1630,1579.5,1343.5,1837.5,2722.5,2880,3621,3921.5,4889,4143.5,3625,3301.5,5571,3242.5,2328.5,1615.5,597,98.5,17.5
2023,전라남도,진도군,29182,573.5,785,998.5,1018.5,1175.5,1045.5,921.5,1013,1437.5,1769.5,2213,2595.5,3039,2607,2223.5,2077,3689,2151.5,1537.5,1087,379.5,58.5,12.5
2023,전라남도,신안군,37841.5,602,711,930.5,994.5,1205.5,1177,1028.5,1261.5,1763.5,2182.5,2997,3725.5,4495.5,3826,3127.5,2886.5,4927,2807,2120,1527.5,489.5,85.5,17.5
2023,경상북도,경상북도,2558213.5,62519.5,95650,109478,108890.5,123978.5,129618,127606,134470.5,177516.5,183331.5,220765.5,222133,243956,199518,146629,101904.5,170248.5,94895,75353.5,53009.5,18147,3672,525
2023,경상북도,포항시,493279,12541.5,20797.5,23690.5,22181,23881.5,27310.5,26505.5,27674.5,37617.5,36691.5,43744,42869,46629,38672,25771,16066,20636.5,12206,8430.5,5916,2038,416.5,60
2023,경상북도,남구,226152,5308.5,9195,10873,10000.5,10937,13258,12042,12375,17401,17041.5,20117,19713,21177.5,17950.5,12196.5,7461,9105,5475.5,3629.5,2607,824,174.5,24
2023,경상북도,북구,267127,7233,11602.5,12817.5,12180.5,12944.5,14052.5,14463.5,15299.5,20216.5,19650,23627,23156,25451.5,20721.5,13574.5,8605,11531.5,6730.5,4801,3309,1214,242,36
2023,경상북도,경주시,247712,5562.5,8325,9725.5,10001.5,11665.5,11678,11680.5,11622,16155,17592,22751,23164,24820.5,20488,15181,10532.5,16767.5,9451,7316.5,5181.5,1780.5,309,45.5
2023,경상북도,김천시,138069.5,3788,5205,5917.5,6307.5,6322.5,6544,6851,6959.5,9276,9370.5,11305,11717,13251,10921.5,8262.5,5827,10244,5529,4715,3304.5,1158,216,36.5
2023,경상북도,안동시,153467.5,3531,5289.5,6413,6642,7591,7601.5,6970.5,7113.5,9615,10968.5,12823.5,12546,14575,12505,9668.5,7225,12389,6948,5441,3777,1346,284,34
2023,경상북도,구미시,405517,12841,21132,22769,21185.5,23671,26762,28286,31012.5,37113,34350,37378.5,33048.5,29282.5,18274.5,11045.5,6846.5,10519,5912.5,4606.5,3229.5,1098.5,240,38.5
2023,경상북도,영주시,100270.5,1916,3183.5,4148.5,4506.5,4763.5,4211,3761.5,3921.5,5816.5,6814.5,8481,8580.5,10093,9140,7108.5,5049,8775.5,4918,3857.5,2673,964,186.5,34
2023,경상북도,영천시,100430.5,2476,2662,3040,3337.5,4090.5,4410,4355.5,4429.5,5511.5,6183,8263,9458.5,10929.5,9394,7636,5360.5,8893.5,5073,3820.5,2753,917,134.5,16
2023,경상북도,상주시,94172.5,1783,2666.5,3352,3873.5,3921.5,3176,3054,3575.5,4797.5,5658.5,7274,8310.5,10416,9203.5,7202.5,5298,10610,5667,4943,3410,1206.5,282.5,44
2023,경상북도,문경시,69335,1449,1952.5,2450.5,2786,3072.5,2599,2321.5,2735,3682.5,4369,5314,6062.5,7462.5,6791,5280,3970.5,7037,3910.5,3126.5,2206.5,716.5,171,32.5
2023,경상북도,경산시,266058,6978,10543.5,11528,11281.5,17871.5,17564,15977.5,15310,19797.5,20134,23877,22214,22250,17155.5,12638.5,8621.5,12316,7157.5,5158.5,3748,1165,220,25.5
2023,경상북도,의성군,49981,831.5,852.5,977,1132,1220.5,1342,1413,1466.5,1924.5,2273,3354,4450.5,6315,6128,4971.5,3696,7633.5,4183.5,3450,2452,823,153,22
2023,경상북도,청송군,24122,390.5,445.5,523.5,553,669,736.5,722,789,948.5,1164.5,1754,2401.5,3095,2791,2242.5,1730,3166,1784,1382,984,322.5,69.5,6
2023,경상북도,영양군,15812,226,342.5,404,467.5,477,435.5,440.5,473.5,655,803.5,1231,1460.5,1958,1734.5,1382.5,1098,2222.5,1255.5,967,671.5,225,57.5,13
2023,경상북도,영덕군,34246,531,766,914.5,983.5,976,1033,957.5,1047,1512,1815.5,2639,3108.5,3872,3657,3102.5,2471.5,4859.5,2769.5,2090,1476,505.5,95,13.5
2023,경상북도,청도군,41350.5,546,720.5,974,1173,1174,1152.5,1126.5,1205,1885,2116,3065.5,3807,5306.5,4824,4214.5,2710,5350.5,2762,2588.5,1805.5,648.5,121.5,13
2023,경상북도,고령군,30179.5,465,652,834.5,973,1064.5,1062,911,970,1517,1814.5,2572,2964,3712.5,3121.5,2530.5,1773.5,3242,1760.5,1481.5,1069,335.5,68.5,8.5
2023,경상북도,성주군,42194.5,808,783.5,1030,1099,1272,1450,1477.5,1500.5,1918.5,2329.5,3284,4341,5743,4591,3815,2442.5,4309.5,2282,2027.5,1407.5,500.5,105.5,14
2023,경상북도,칠곡군,111166,2505,4806.5,5616.5,5439.5,5314.5,5228.5,5437,6803,9745.5,10113,10910,9651,9208.5,6783,4608.5,3314.5,5681.5,3143,2538.5,1773,607,136.5,22
2023,경상북도,예천군,55432,1730.5,2347.5,2576,2064,1865.5,2019,2327.5,2744.5,3636.5,3531,3697,4038.5,5106.5,4915.5,3792.5,2881,6159,3205.5,2953.5,2119,670,145.5,19
2023,경상북도,봉화군,29719,421,602,788.5,927,873.5,772,695,840,1193,1568,2180.5,2861,3923.5,3463,2566,2028,4017,2137.5,1879.5,1315.5,446,103.5,14.5
2023,경상북도,울진군,46750,1058,1394,1588,1754,1881,2067.5,1935,1877.5,2648,3025.5,3996,4166,4941.5,4118,3001,2483,4816,2506,2310,1552.5,603.5,141,13
2023,경상북도,울릉군,8949.5,141,180.5,217,222.5,340,463.5,400,400.5,551,646,871.5,913,1065,846.5,608,480,603.5,333.5,270,185,70,15,0
2023,경상남도,경상남도,3255461,82778.5,138123.5,161760.5,155474,161774.5,169561,170191,184700.5,254940,254949,298755,277796.5,291892,228008,155149.5,108676,160931.5,90282.5,70649,49625.5,17298,3320.5,405
2023,경상남도,진주시,341728.5,9440,14805.5,17138.5,16976,20585.5,21062.5,19586.5,19646.5,25256,25949,30415,26784.5,28387,22485.5,15578,11489,16143.5,9112.5,7031,4962.5,1665.5,353,50
2023,경상남도,통영시,121285.5,2277.5,4773.5,6607,5906,5105,4414.5,4568,6014.5,9710,10006.5,11301.5,10283,12204,9896.5,7111.5,4859.5,6247,3727.5,2519.5,1808.5,580.5,117,13.5
2023,경상남도,사천시,108870.5,2456,4266,5260.5,4864.5,4719,5012.5,5127,5374.5,8148,8600.5,9852,8730.5,9775,8293,6165.5,4844,7382,4071,3311,2289.5,852.5,153.5,15.5
2023,경상남도,김해시,532950.5,15440,25576,30067,29653.5,30620.5,30966,30912,32581.5,45728,47011,54348,46655.5,41023,27950.5,17483.5,11708,15226.5,8981.5,6245,4503.5,1445,264.5,32
2023,경상남도,밀양시,102054,1771,2885.5,3486,3832,3930.5,3909,3741,4160,5836,6253.5,8128,9431,11649,10881,7872,5527,8761.5,4898,3863.5,2778,903,167,15.5
2023,경상남도,거제시,234450.5,6533,13616,15312.5,12957,10863,9709.5,10910,16616.5,24001.5,22093.5,23302,18505.5,17668,13102,7865.5,4765,6630,3658.5,2971.5,2026.5,788,136.5,20.5
2023,경상남도,양산시,353588,11307.5,18164.5,18847.5,16706.5,16868.5,18914,21168.5,23503,31967,29562.5,31847.5,28716.5,28457,21537.5,14188,9616,12216,7351.5,4864.5,3497,1126,209,32.5
2023,경상남도,통합창원시,1011303,26945.5,42936,49666.5,47597,53239.5,60814.5,61005,61728.5,82037.5,79319.5,92721.5,87856,90730.5,68219,43822.5,28087.5,34576.5,20065.5,14511,10351,3472.5,619.5,68
2023,경상남도,의창구,213826,5984.5,9220.5,10030.5,9274,11461.5,13726,13377,13206.5,17024.5,15853.5,19924.5,20156,20188.5,14157,8564,5160.5,6517,3733.5,2783.5,1980.5,678,113.5,11.5
2023,경상남도,성산구,246160.5,6640,10053,12030.5,12667.5,14782,18293,18072.5,16163,18782.5,19459,25110.5,24189.5,22405,12717.5,6628,3606,4561,2516,2045,1383,545,105,12
2023,경상남도,마산합포구,178475,4615.5,7300,7754.5,6814,8532.5,8965,9383.5,10426.5,14154.5,12562.5,14417,14112,16827,15100.5,10798,7389.5,9322.5,5414.5,3908,2766.5,942.5,177.5,21.5
2023,경상남도,마산회원구,180875,3782,6637.5,8423.5,8711,9080,9763.5,9226.5,9450.5,13655,14297.5,16508.5,15861,17216,14473.5,10063.5,6557.5,7168,4413.5,2754.5,2026,610,105.5,13
2023,경상남도,진해구,191966.5,5923.5,9725,11427.5,10130.5,9383.5,10067,10945.5,12482,18421,17147,16761,13537.5,14094,11770.5,7769,5374,7008,3988,3020,2195,697,118,10
2023,경상남도,의령군,25714,371.5,509.5,672.5,707.5,761.5,767.5,762.5,776,1119,1380,1984,2328.5,3187.5,2847,2149.5,1678,3712,1909,1803,1236.5,463,86.5,17
2023,경상남도,함안군,60652,1013.5,1969.5,2836.5,2771,2299.5,2197.5,2017,2464.5,3827.5,4448.5,5329.5,5473.5,6367,5717,3911.5,2905.5,5103,2753,2350,1635.5,601.5,106.5,6.5
2023,경상남도,창녕군,57602.5,915,1474.5,1835,1965.5,1803,1865.5,1937.5,2152,3051.5,3271,4577.5,5411,6967,6163,4579.5,3486.5,6147.5,3418.5,2729,1907.5,705.5,102,14
2023,경상남도,고성군,49850.5,602,1251,1877.5,2105,1776,1637.5,1364.5,1703.5,2783.5,3013.5,4248,4546,5700,4969.5,3923,3022.5,5327.5,2830.5,2497,1694,660,133,10
2023,경상남도,남해군,41075,513.5,866.5,1265,1377,1461,1227,1039.5,1164.5,1729,2246.5,3243.5,3492,4675,4195,3615.5,2941,6023.5,3010.5,3013,1977,835.5,182.5,18
2023,경상남도,하동군,41885.5,577.5,827.5,1158.5,1312.5,1378.5,1218,1101,1196.5,1684,2339,3599,3990,5217,4538,3456,2810.5,5482,2833.5,2648.5,1781,692,161.5,14
2023,경상남도,산청군,33801.5,421.5,609.5,876,1040,1055.5,975,866.5,916,1329,1702,2709,3332,4305,3834,2879.5,2339.5,4611.5,2436,2175.5,1506,523,131,15.5
2023,경상남도,함양군,37201.5,521.5,930.5,1263,1454,1300,1202,1040.5,1162,1695.5,2082,3085.5,3402,4201,3764,2873,2414,4811,2572.5,2238.5,1551.5,555.5,116,15.5
2023,경상남도,거창군,60062.5,1153.5,1938,2545.5,3116.5,2790.5,2451.5,2056,2427,3356.5,3722,4976,5110,6170,5094,3914,3122,6119.5,3219.5,2900,2001.5,721,156,21.5
2023,경상남도,합천군,41385.5,518.5,724,1045.5,1132.5,1217.5,1217,988,1113.5,1680.5,1948.5,3087.5,3749,5209,4521.5,3761.5,3060.5,6411,3433.5,2977.5,2118.5,708,125.5,25.5
2023,제주특별자치도,제주특별자치도,673099,20624.5,32454.5,36566,34044,36126.5,39559,38327.5,40178,54973,54166.5,62170.5,54691,51517,39155,25770,21353,31423,16488.5,14934.5,9956,3938.5,783.5,256.5
2023,제주특별자치도,제주시,489858.5,15731,24137.5,27167,25731.5,27734.5,30473.5,29666,30372,40654.5,39495,45309.5,39000,35721.5,26795,17220.5,14169.5,20480,10662.5,9817.5,6476,2619.5,546,176
2023,제주특별자치도,서귀포시,183240.5,4893.5,8317,9399,8312.5,8392,9085.5,8661.5,9806,14318.5,14671.5,16861,15691,15795.5,12360,8549.5,7183.5,10943,5826,5117,3480,1319,237.5,80.5
